FREQ,FREQ_LABEL,REF_AREA,REF_AREA_LABEL,INDICATOR,INDICATOR_LABEL,UNIT_MEASURE,UNIT_MEASURE_LABEL,DATABASE_ID,DATABASE_ID_LABEL,UNIT_MULT,UNIT_MULT_LABEL,OBS_STATUS,OBS_STATUS_LABEL,OBS_CONF,OBS_CONF_LABEL,2000,2001,2002,2003,2004,2005,2006,2007,2008,2009,2010,2011,2012,2013,2014,2015,2016,2017,2018,2019,2020,2021,2022,2023,2024
A,Annual,AFG,Afghanistan,FAO_FS_22013,"Gross domestic product per capita, PPP, (constant 2017 international $)",INT_USD_CAP,International Dollar per capita,FAO_FS,Suite of Food Security Indicators,0,Units,A,Normal value,PU,Public,1617.8,1454.1,1774.3,1815.9,1776.9,1908.1,1929.7,2155.4,2191.5,2565.0,2848.6,2757.1,2985.3,3046.6,3017.9,2967.7,2958.8,2953.0,2902.4,2927.2,2769.7,2144.2,1981.7,1983.8,
A,Annual,AGO,Angola,FAO_FS_22013,"Gross domestic product per capita, PPP, (constant 2017 international $)",INT_USD_CAP,International Dollar per capita,FAO_FS,Suite of Food Security Indicators,0,Units,A,Normal value,PU,Public,6003.0,6049.2,6645.5,6609.2,7074.0,7845.9,8435.5,9264.0,9916.9,9629.1,9672.8,9627.0,10051.3,10150.9,10250.6,9980.9,9381.8,9042.1,8620.2,8274.5,7557.0,7408.1,7397.5,7250.4,7344.1
A,Annual,ALB,Albania,FAO_FS_22013,"Gross domestic product per capita, PPP, (constant 2017 international $)",INT_USD_CAP,International Dollar per capita,FAO_FS,Suite of Food Security Indicators,0,Units,A,Normal value,PU,Public,6581.6,7232.6,7590.1,8024.8,8482.8,8963.8,9563.5,10262.4,11055.7,11430.0,11828.4,12152.4,12292.3,12525.1,12832.2,13156.3,13692.5,14155.0,14711.0,15078.5,14662.8,16126.8,17112.0,17991.0,18919.8
A,Annual,AND,Andorra,FAO_FS_22013,"Gross domestic product per capita, PPP, (constant 2017 international $)",INT_USD_CAP,International Dollar per capita,FAO_FS,Suite of Food Security Indicators,0,Units,A,Normal value,PU,Public,54809.1,59109.0,61188.6,63656.2,64353.5,65114.8,66390.3,65534.1,60691.6,57204.0,58285.1,60470.5,58172.1,57332.2,59929.2,62105.2,64402.8,63239.7,63048.6,63215.9,55488.5,59332.2,63913.4,64631.3,65928.3
A,Annual,ARE,United Arab Emirates,FAO_FS_22013,"Gross domestic product per capita, PPP, (constant 2017 international $)",INT_USD_CAP,International Dollar per capita,FAO_FS,Suite of Food Security Indicators,0,Units,A,Normal value,PU,Public,92547.2,88045.2,84871.6,87150.9,90389.0,89986.1,92044.5,84581.9,77892.0,69358.0,68799.9,70662.5,69158.8,69807.0,69409.0,70234.7,70574.0,68871.8,68855.0,68887.8,65784.7,67401.1,68867.8,68577.5,68584.7
A,Annual,ARG,Argentina,FAO_FS_22013,"Gross domestic product per capita, PPP, (constant 2017 international $)",INT_USD_CAP,International Dollar per capita,FAO_FS,Suite of Food Security Indicators,0,Units,A,Normal value,PU,Public,22281.4,21066.5,18571.7,20005.1,21591.4,23262.4,24877.2,26850.7,27658.5,25747.2,28056.3,29425.8,28826.0,29227.7,28200.8,28669.2,27802.1,28334.9,27367.1,26629.6,23877.1,26300.3,27628.0,27105.0,26547.1
A,Annual,ARM,Armenia,FAO_FS_22013,"Gross domestic product per capita, PPP, (constant 2017 international $)",INT_USD_CAP,International Dollar per capita,FAO_FS,Suite of Food Security Indicators,0,Units,A,Normal value,PU,Public,4589.0,5044.1,5731.4,6569.3,7299.4,8362.9,9525.2,10898.8,11727.5,10143.2,10438.6,10990.2,11796.3,12194.0,12667.4,13112.8,13193.0,14243.9,15037.0,16215.4,15052.9,15921.7,17886.2,19402.8,20078.8
A,Annual,ATG,Antigua and Barbuda,FAO_FS_22013,"Gross domestic product per capita, PPP, (constant 2017 international $)",INT_USD_CAP,International Dollar per capita,FAO_FS,Suite of Food Security Indicators,0,Units,A,Normal value,PU,Public,25547.6,24014.8,23958.2,25136.0,26303.6,27692.6,30827.3,33245.3,32756.3,28405.7,25826.6,25023.9,25592.9,25206.8,25557.5,25734.2,26627.7,27199.2,28878.6,29651.9,23930.7,25745.5,27941.8,28474.0,29561.8
A,Annual,AUS,Australia,FAO_FS_22013,"Gross domestic product per capita, PPP, (constant 2017 international $)",INT_USD_CAP,International Dollar per capita,FAO_FS,Suite of Food Security Indicators,0,Units,A,Normal value,PU,Public,45013.0,45338.7,46609.7,47500.8,48980.9,49914.5,50602.4,51562.1,52351.6,52254.3,52589.8,53112.5,54237.6,54699.4,55288.1,55691.7,56341.5,56684.6,57450.4,57837.1,57059.7,58182.3,59883.6,60461.2,60082.0
A,Annual,AUT,Austria,FAO_FS_22013,"Gross domestic product per capita, PPP, (constant 2017 international $)",INT_USD_CAP,International Dollar per capita,FAO_FS,Suite of Food Security Indicators,0,Units,A,Normal value,PU,Public,53599.6,54098.0,54631.6,54986.7,56048.5,56959.6,58531.5,60544.6,61232.5,58882.1,59803.4,61347.0,61451.5,60937.3,60919.8,61026.0,61647.8,62612.1,63855.8,64688.1,60349.9,62968.9,65661.5,64394.1,63314.5
A,Annual,AZE,Azerbaijan,FAO_FS_22013,"Gross domestic product per capita, PPP, (constant 2017 international $)",INT_USD_CAP,International Dollar per capita,FAO_FS,Suite of Food Security Indicators,0,Units,A,Normal value,PU,Public,5656.9,6169.0,6701.1,7329.4,7937.9,10054.1,13371.7,16587.4,17963.0,19242.4,19925.4,19358.1,19523.4,20398.6,20709.2,20678.8,19822.4,19659.0,19781.9,20101.5,19126.1,20111.4,21051.2,21310.7,22072.1
A,Annual,BDI,Burundi,FAO_FS_22013,"Gross domestic product per capita, PPP, (constant 2017 international $)",INT_USD_CAP,International Dollar per capita,FAO_FS,Suite of Food Security Indicators,0,Units,A,Normal value,PU,Public,988.0,983.4,998.6,955.7,965.2,938.4,954.2,951.3,957.2,944.6,947.6,951.2,958.7,970.4,977.8,918.6,897.5,881.0,868.6,855.7,833.9,836.7,829.4,828.6,835.6
A,Annual,BEL,Belgium,FAO_FS_22013,"Gross domestic product per capita, PPP, (constant 2017 international $)",INT_USD_CAP,International Dollar per capita,FAO_FS,Suite of Food Security Indicators,0,Units,A,Normal value,PU,Public,50478.0,50857.8,51494.6,51811.7,53430.3,54370.9,55392.1,57008.6,56812.8,55283.1,56265.0,56610.3,56381.7,56288.0,57028.1,57534.4,57927.0,58555.2,59383.9,60506.7,57358.8,60669.2,62744.2,62920.6,63083.2
A,Annual,BEN,Benin,FAO_FS_22013,"Gross domestic product per capita, PPP, (constant 2017 international $)",INT_USD_CAP,International Dollar per capita,FAO_FS,Suite of Food Security Indicators,0,Units,A,Normal value,PU,Public,2536.2,2591.1,2630.2,2639.0,2672.8,2632.5,2652.2,2729.1,2777.6,2758.1,2733.6,2732.0,2779.7,2893.0,2987.4,2952.0,2962.7,3041.8,3155.5,3281.1,3317.9,3464.3,3588.3,3721.2,3901.3
A,Annual,BFA,Burkina Faso,FAO_FS_22013,"Gross domestic product per capita, PPP, (constant 2017 international $)",INT_USD_CAP,International Dollar per capita,FAO_FS,Suite of Food Security Indicators,0,Units,A,Normal value,PU,Public,1428.6,1477.3,1494.7,1561.8,1581.3,1665.0,1714.8,1731.9,1779.3,1779.3,1874.0,1939.9,2003.7,2057.1,2083.2,2101.7,2162.7,2232.3,2316.4,2391.5,2380.9,2486.4,2466.1,2482.1,2547.9
A,Annual,BGD,Bangladesh,FAO_FS_22013,"Gross domestic product per capita, PPP, (constant 2017 international $)",INT_USD_CAP,International Dollar per capita,FAO_FS,Suite of Food Security Indicators,0,Units,A,Normal value,PU,Public,2712.9,2803.6,2866.4,2958.9,3071.8,3231.6,3407.4,3608.9,3787.9,3942.1,4125.5,4352.4,4592.0,4822.7,5068.6,5352.7,5682.5,6005.7,6392.6,6838.3,7015.2,7441.1,7888.2,8242.4,8486.8
A,Annual,BGR,Bulgaria,FAO_FS_22013,"Gross domestic product per capita, PPP, (constant 2017 international $)",INT_USD_CAP,International Dollar per capita,FAO_FS,Suite of Food Security Indicators,0,Units,A,Normal value,PU,Public,12559.0,13301.4,14391.4,15265.6,16382.6,17671.2,19017.2,20432.3,21837.5,21243.0,21715.9,22312.4,22610.1,22945.5,23446.4,24553.1,25626.8,26681.4,27739.5,29199.8,28545.7,30971.9,32433.1,33139.9,34083.2
A,Annual,BHR,Bahrain,FAO_FS_22013,"Gross domestic product per capita, PPP, (constant 2017 international $)",INT_USD_CAP,International Dollar per capita,FAO_FS,Suite of Food Security Indicators,0,Units,A,Normal value,PU,Public,57969.0,57280.7,55096.7,54431.9,54045.1,53478.3,52691.9,52731.8,52765.4,50665.8,50704.8,53132.3,54516.8,55376.4,55065.8,54149.9,54107.1,53859.8,54893.1,56750.0,53814.2,54954.7,57573.0,57819.9,59129.1
A,Annual,BHS,"Bahamas, The",FAO_FS_22013,"Gross domestic product per capita, PPP, (constant 2017 international $)",INT_USD_CAP,International Dollar per capita,FAO_FS,Suite of Food Security Indicators,0,Units,A,Normal value,PU,Public,34597.1,35072.3,35610.6,34740.7,34617.7,35365.4,35789.0,35797.0,34497.9,32630.2,32711.4,32535.6,33667.5,32402.8,32712.7,32777.4,32172.2,33049.9,33650.2,33202.4,26452.5,31064.7,34342.8,35221.3,36244.0
A,Annual,BIH,Bosnia and Herzegovina,FAO_FS_22013,"Gross domestic product per capita, PPP, (constant 2017 international $)",INT_USD_CAP,International Dollar per capita,FAO_FS,Suite of Food Security Indicators,0,Units,A,Normal value,PU,Public,7827.9,7979.9,8363.9,8707.1,9341.7,9811.2,10426.9,11174.8,11979.7,11822.7,12138.8,12483.5,12622.7,13131.4,13454.4,14219.5,14873.1,15554.1,16348.1,17028.6,16746.4,18285.7,19297.1,19803.8,20428.5
A,Annual,BLR,Belarus,FAO_FS_22013,"Gross domestic product per capita, PPP, (constant 2017 international $)",INT_USD_CAP,International Dollar per capita,FAO_FS,Suite of Food Security Indicators,0,Units,A,Normal value,PU,Public,11182.5,11771.1,12443.9,13413.9,15052.1,16579.9,18349.9,20019.6,22137.9,22236.8,24012.6,25404.8,25879.1,26147.6,26564.4,25513.2,24846.8,25504.0,26363.5,26798.8,26731.5,27611.2,26537.5,27782.4,29037.5
A,Annual,BLZ,Belize,FAO_FS_22013,"Gross domestic product per capita, PPP, (constant 2017 international $)",INT_USD_CAP,International Dollar per capita,FAO_FS,Suite of Food Security Indicators,0,Units,A,Normal value,PU,Public,11352.7,11555.9,11816.6,12577.1,12794.8,12702.7,12900.1,12962.5,12398.5,12024.2,11868.4,11584.3,11761.6,12026.1,12249.2,12339.5,12062.8,11574.5,11486.8,11803.1,10032.5,11677.5,12569.8,12455.3,13277.9
A,Annual,BMU,Bermuda,FAO_FS_22013,"Gross domestic product per capita, PPP, (constant 2017 international $)",INT_USD_CAP,International Dollar per capita,FAO_FS,Suite of Food Security Indicators,0,Units,A,Normal value,PU,Public,98019.9,104561.0,102560.0,105643.0,107803.0,109335.0,115171.0,118691.0,115943.0,108963.0,105969.0,101990.0,96711.1,96549.8,93042.3,93859.9,93265.1,96437.2,95639.2,95519.9,88618.1,92319.7,98145.2,103052.0,105323.0
A,Annual,BOL,Bolivia,FAO_FS_22013,"Gross domestic product per capita, PPP, (constant 2017 international $)",INT_USD_CAP,International Dollar per capita,FAO_FS,Suite of Food Security Indicators,0,Units,A,Normal value,PU,Public,6146.0,6145.0,6193.3,6255.5,6407.8,6579.3,6778.4,6967.6,7272.2,7392.2,7571.7,7837.5,8108.2,8524.0,8851.7,9141.9,9390.8,9642.8,9907.1,9985.2,9001.0,9454.2,9681.7,9844.0,9844.3
A,Annual,BRA,Brazil,FAO_FS_22013,"Gross domestic product per capita, PPP, (constant 2017 international $)",INT_USD_CAP,International Dollar per capita,FAO_FS,Suite of Food Security Indicators,0,Units,A,Normal value,PU,Public,14005.3,14016.1,14265.9,14259.4,14911.3,15221.0,15657.5,16440.6,17113.4,16939.4,18062.2,18627.8,18832.2,19241.5,19183.2,18357.1,17620.9,17724.5,17917.7,18018.6,17327.5,18075.7,18554.0,19079.8,19647.9
A,Annual,BRB,Barbados,FAO_FS_22013,"Gross domestic product per capita, PPP, (constant 2017 international $)",INT_USD_CAP,International Dollar per capita,FAO_FS,Suite of Food Security Indicators,0,Units,A,Normal value,PU,Public,18851.6,18380.3,18404.1,18689.3,18845.2,19488.0,20571.8,20900.0,20922.4,19770.5,19253.4,19050.6,18936.1,18695.7,18665.2,18464.7,18754.7,18740.3,18484.7,18572.5,15749.0,15683.9,18469.6,19224.5,19945.7
A,Annual,BRN,Brunei Darussalam,FAO_FS_22013,"Gross domestic product per capita, PPP, (constant 2017 international $)",INT_USD_CAP,International Dollar per capita,FAO_FS,Suite of Food Security Indicators,0,Units,A,Normal value,PU,Public,100323.0,99680.8,101572.0,103227.0,101498.0,99795.7,102249.0,96752.6,91275.5,87875.8,88586.5,90279.7,89718.5,86606.7,83310.6,81910.2,78880.6,78966.9,78099.1,80228.2,80280.9,78248.8,76357.8,76616.7,79184.1
A,Annual,BTN,Bhutan,FAO_FS_22013,"Gross domestic product per capita, PPP, (constant 2017 international $)",INT_USD_CAP,International Dollar per capita,FAO_FS,Suite of Food Security Indicators,0,Units,A,Normal value,PU,Public,5287.6,5545.6,5991.3,6323.5,6518.0,6850.8,7140.9,8195.1,8470.0,9019.1,9985.3,10714.7,11143.9,11212.5,11744.5,12400.3,13321.0,13482.3,13854.9,14555.2,12979.9,13458.8,14061.3,14645.3,
A,Annual,BWA,Botswana,FAO_FS_22013,"Gross domestic product per capita, PPP, (constant 2017 international $)",INT_USD_CAP,International Dollar per capita,FAO_FS,Suite of Food Security Indicators,0,Units,A,Normal value,PU,Public,13185.8,12949.6,13479.7,13857.3,13984.8,14362.0,15275.6,15850.2,16040.3,13490.0,14545.0,15236.7,14957.6,16369.4,17052.2,15995.0,16905.6,17352.9,17825.0,18106.0,16289.4,17960.6,18647.4,18932.5,18068.5
A,Annual,CAF,Central African Republic,FAO_FS_22013,"Gross domestic product per capita, PPP, (constant 2017 international $)",INT_USD_CAP,International Dollar per capita,FAO_FS,Suite of Food Security Indicators,0,Units,A,Normal value,PU,Public,1245.8,1272.9,1290.4,1191.9,1236.3,1219.6,1251.9,1284.6,1283.3,1402.7,1479.4,1517.1,1578.0,996.9,1001.9,1043.9,1073.9,1103.9,1125.7,1145.1,1136.6,1128.6,1136.8,1132.7,1111.7
A,Annual,CAN,Canada,FAO_FS_22013,"Gross domestic product per capita, PPP, (constant 2017 international $)",INT_USD_CAP,International Dollar per capita,FAO_FS,Suite of Food Security Indicators,0,Units,A,Normal value,PU,Public,48399.3,48774.2,49695.0,50139.8,51210.7,52356.6,53195.8,53761.9,53711.7,51552.4,52558.4,53681.1,54034.8,54712.2,55723.5,55660.9,55606.2,56612.3,57337.5,57583.8,54092.9,56995.1,58321.1,57517.4,56691.9
A,Annual,CHE,Switzerland,FAO_FS_22013,"Gross domestic product per capita, PPP, (constant 2017 international $)",INT_USD_CAP,International Dollar per capita,FAO_FS,Suite of Food Security Indicators,0,Units,A,Normal value,PU,Public,67378.4,68008.3,67446.4,66926.2,68263.4,69692.6,72077.9,74234.3,75355.2,72709.8,74290.3,74800.9,74883.6,75354.2,76189.6,76566.1,77301.2,77626.9,79261.4,79596.7,77324.9,81001.4,82777.3,82302.0,82026.4
A,Annual,CHL,Chile,FAO_FS_22013,"Gross domestic product per capita, PPP, (constant 2017 international $)",INT_USD_CAP,International Dollar per capita,FAO_FS,Suite of Food Security Indicators,0,Units,A,Normal value,PU,Public,17525.3,17870.3,18240.2,18902.9,19962.0,20918.5,21968.5,22878.9,23509.8,23013.6,24116.8,25366.3,26670.5,27291.4,27505.0,27811.4,27958.7,27893.0,28492.7,28218.5,26248.6,29089.9,29569.5,29563.7,30182.8
A,Annual,CIV,Cote d'Ivoire,FAO_FS_22013,"Gross domestic product per capita, PPP, (constant 2017 international $)",INT_USD_CAP,International Dollar per capita,FAO_FS,Suite of Food Security Indicators,0,Units,A,Normal value,PU,Public,4838.3,4609.1,4368.9,4060.0,4088.9,4032.2,4049.3,3999.7,4096.7,4151.1,4338.7,4017.4,4234.2,4597.2,4907.6,5110.9,5320.8,5556.1,5670.2,5894.9,5787.8,6045.2,6272.3,6511.8,6733.2
A,Annual,CMR,Cameroon,FAO_FS_22013,"Gross domestic product per capita, PPP, (constant 2017 international $)",INT_USD_CAP,International Dollar per capita,FAO_FS,Suite of Food Security Indicators,0,Units,A,Normal value,PU,Public,3822.9,3884.9,3951.4,4054.8,4223.0,4199.7,4241.5,4302.6,4300.3,4286.6,4286.6,4307.9,4382.1,4473.6,4588.5,4698.7,4767.1,4798.0,4851.5,4882.4,4763.5,4793.6,4843.7,4870.6,4919.1
A,Annual,COD,"Congo, Dem. Rep.",FAO_FS_22013,"Gross domestic product per capita, PPP, (constant 2017 international $)",INT_USD_CAP,International Dollar per capita,FAO_FS,Suite of Food Security Indicators,0,Units,A,Normal value,PU,Public,886.7,841.0,839.8,861.1,892.4,918.5,938.0,967.1,996.7,994.0,1031.3,1066.6,1104.7,1158.3,1225.7,1267.9,1253.2,1253.2,1282.5,1296.9,1277.6,1313.6,1385.5,1456.5,1504.1
A,Annual,COG,"Congo, Rep.",FAO_FS_22013,"Gross domestic product per capita, PPP, (constant 2017 international $)",INT_USD_CAP,International Dollar per capita,FAO_FS,Suite of Food Security Indicators,0,Units,A,Normal value,PU,Public,7570.6,7567.4,7729.4,7577.5,7577.4,7876.1,8192.6,7375.8,7587.3,8138.5,8583.7,8492.4,9079.7,8798.5,9159.3,8977.7,8001.8,7372.8,7029.3,6939.4,6350.5,6263.2,6205.1,6172.3,6181.5
A,Annual,COL,Colombia,FAO_FS_22013,"Gross domestic product per capita, PPP, (constant 2017 international $)",INT_USD_CAP,International Dollar per capita,FAO_FS,Suite of Food Security Indicators,0,Units,A,Normal value,PU,Public,10813.5,10823.5,10925.1,11183.3,11607.9,11999.3,12636.6,13318.3,13591.1,13586.8,14037.1,14852.4,15279.5,15912.2,16480.4,16821.4,17003.2,16986.0,17104.1,17336.8,15861.5,17383.1,18458.7,18383.0,18503.7
A,Annual,COM,Comoros,FAO_FS_22013,"Gross domestic product per capita, PPP, (constant 2017 international $)",INT_USD_CAP,International Dollar per capita,FAO_FS,Suite of Food Security Indicators,0,Units,A,Normal value,PU,Public,2408.4,2414.4,2418.8,2422.6,2422.7,2441.1,2455.7,2426.5,2473.1,2581.7,2652.4,2753.0,2868.4,3059.1,3109.9,3105.6,3127.1,3237.0,3303.3,3357.9,3424.5,3449.0,3478.2,3516.5,3567.5
A,Annual,CPV,Cabo Verde,FAO_FS_22013,"Gross domestic product per capita, PPP, (constant 2017 international $)",INT_USD_CAP,International Dollar per capita,FAO_FS,Suite of Food Security Indicators,0,Units,A,Normal value,PU,Public,4510.1,4540.9,4710.2,4841.3,5268.3,5565.8,5941.4,6767.4,7169.1,6994.6,7072.1,7325.8,7397.8,7440.7,7491.0,7560.1,7881.3,8234.6,8531.1,9111.6,7207.9,7685.4,8850.1,9281.0,9907.6
A,Annual,CRI,Costa Rica,FAO_FS_22013,"Gross domestic product per capita, PPP, (constant 2017 international $)",INT_USD_CAP,International Dollar per capita,FAO_FS,Suite of Food Security Indicators,0,Units,A,Normal value,PU,Public,14018.7,14250.5,14496.0,14891.3,15323.3,15704.0,16620.1,17743.6,18334.0,17932.6,18660.9,19254.9,19960.8,20232.3,20724.9,21254.8,21925.6,22622.6,23005.3,23364.8,22211.9,23852.9,24831.7,25979.6,26973.4
A,Annual,CYP,Cyprus,FAO_FS_22013,"Gross domestic product per capita, PPP, (constant 2017 international $)",INT_USD_CAP,International Dollar per capita,FAO_FS,Suite of Food Security Indicators,0,Units,A,Normal value,PU,Public,36122.7,37147.9,38091.9,38618.9,40021.1,41363.3,42596.4,43825.0,44296.9,42254.6,42103.5,41213.9,39191.3,36694.8,36442.0,37903.1,40209.9,42128.6,44227.9,46195.6,44203.9,48781.3,51588.4,52190.9,53252.5
A,Annual,CZE,Czechia,FAO_FS_22013,"Gross domestic product per capita, PPP, (constant 2017 international $)",INT_USD_CAP,International Dollar per capita,FAO_FS,Suite of Food Security Indicators,0,Units,A,Normal value,PU,Public,29427.4,30399.9,30919.5,31949.3,33452.3,35535.7,37786.9,39629.0,40328.3,38175.1,39097.4,39708.2,39347.0,39317.6,40158.0,42066.6,43069.5,45177.5,46301.1,47763.6,45119.9,47796.0,48390.7,47509.5,47961.8
A,Annual,DEU,Germany,FAO_FS_22013,"Gross domestic product per capita, PPP, (constant 2017 international $)",INT_USD_CAP,International Dollar per capita,FAO_FS,Suite of Food Security Indicators,0,Units,A,Normal value,PU,Public,49979.1,50711.7,50510.9,50215.4,50810.1,51289.3,53327.0,54941.6,55547.3,52600.2,54865.4,57992.4,58158.1,58223.6,59239.3,59699.3,60578.3,61991.5,62495.5,62970.7,60342.7,62530.8,62932.0,62686.5,62829.8
A,Annual,DJI,Djibouti,FAO_FS_22013,"Gross domestic product per capita, PPP, (constant 2017 international $)",INT_USD_CAP,International Dollar per capita,FAO_FS,Suite of Food Security Indicators,0,Units,A,Normal value,PU,Public,,,,,,,,,,,,,,4469.1,4705.0,4961.9,5226.5,5422.0,5590.5,5809.3,5791.5,5960.1,6180.7,6545.1,6841.2
A,Annual,DMA,Dominica,FAO_FS_22013,"Gross domestic product per capita, PPP, (constant 2017 international $)",INT_USD_CAP,International Dollar per capita,FAO_FS,Suite of Food Security Indicators,0,Units,A,Normal value,PU,Public,14054.7,14091.5,13640.7,14398.0,14962.2,15080.5,15727.7,16560.5,17738.0,17534.0,17516.8,17475.0,17431.1,17282.6,17520.9,16920.9,17364.1,16314.2,16877.1,17619.4,14919.5,15809.0,17550.8,18278.2,18739.4
A,Annual,DNK,Denmark,FAO_FS_22013,"Gross domestic product per capita, PPP, (constant 2017 international $)",INT_USD_CAP,International Dollar per capita,FAO_FS,Suite of Food Security Indicators,0,Units,A,Normal value,PU,Public,57432.0,57770.2,57848.8,57946.2,59401.3,60635.6,62743.2,63082.2,62451.1,59027.8,59696.4,60230.4,60000.9,60583.4,61047.3,61893.2,63299.3,64815.7,65694.8,66580.2,65204.5,69715.2,70233.6,71454.5,73709.0
A,Annual,DOM,Dominican Republic,FAO_FS_22013,"Gross domestic product per capita, PPP, (constant 2017 international $)",INT_USD_CAP,International Dollar per capita,FAO_FS,Suite of Food Security Indicators,0,Units,A,Normal value,PU,Public,10896.3,10991.1,11313.1,11000.9,11131.3,12022.5,12961.9,13754.9,14030.1,13992.4,14975.0,15258.1,15487.3,16054.8,16993.6,17973.2,18969.0,19501.9,20662.8,21451.3,19545.4,22053.5,22987.0,23282.5,24229.5
A,Annual,DZA,Algeria,FAO_FS_22013,"Gross domestic product per capita, PPP, (constant 2017 international $)",INT_USD_CAP,International Dollar per capita,FAO_FS,Suite of Food Security Indicators,0,Units,A,Normal value,PU,Public,11558.2,11742.6,12213.1,12835.2,13226.8,13738.5,13920.7,14114.7,14206.8,14104.4,14496.4,14642.0,14697.5,14778.2,15073.8,15239.5,15511.7,15427.7,15343.4,15199.2,14194.2,14496.9,14782.2,15159.3,15442.1
A,Annual,ECU,Ecuador,FAO_FS_22013,"Gross domestic product per capita, PPP, (constant 2017 international $)",INT_USD_CAP,International Dollar per capita,FAO_FS,Suite of Food Security Indicators,0,Units,A,Normal value,PU,Public,9183.1,9405.1,9697.6,9802.8,10290.7,10660.2,10933.5,10952.8,11474.5,11403.5,11665.7,12449.1,12961.0,13689.2,14064.8,13881.6,13586.5,14179.2,14083.5,13870.5,12440.3,13507.4,14186.6,14343.0,13935.5
A,Annual,EGY,"Egypt, Arab Rep.",FAO_FS_22013,"Gross domestic product per capita, PPP, (constant 2017 international $)",INT_USD_CAP,International Dollar per capita,FAO_FS,Suite of Food Security Indicators,0,Units,A,Normal value,PU,Public,9981.6,10117.3,10143.5,10250.4,10451.8,10700.6,11211.8,11782.0,12391.6,12728.1,13129.0,13082.4,13076.8,13058.1,13136.4,13425.9,13727.3,14018.4,14488.2,15026.6,15309.2,15579.0,16360.4,16691.4,16798.2
A,Annual,ESP,Spain,FAO_FS_22013,"Gross domestic product per capita, PPP, (constant 2017 international $)",INT_USD_CAP,International Dollar per capita,FAO_FS,Suite of Food Security Indicators,0,Units,A,Normal value,PU,Public,39945.9,41224.3,41766.0,42223.1,42793.4,43570.8,44572.7,45301.3,44926.3,42852.2,42695.5,42271.8,41034.0,40594.9,41339.4,43053.8,44274.7,45446.3,46325.2,46896.4,41553.4,44251.7,46649.6,47341.2,48373.0
A,Annual,EST,Estonia,FAO_FS_22013,"Gross domestic product per capita, PPP, (constant 2017 international $)",INT_USD_CAP,International Dollar per capita,FAO_FS,Suite of Food Security Indicators,0,Units,A,Normal value,PU,Public,20739.4,22099.3,23781.7,25749.3,27665.3,30473.8,33646.6,36359.5,34588.6,29585.1,30379.1,32789.4,34115.4,34838.4,36090.5,36729.8,37854.8,39939.5,41273.2,42652.5,41340.8,44251.5,43690.4,41706.5,41546.1
A,Annual,ETH,Ethiopia,FAO_FS_22013,"Gross domestic product per capita, PPP, (constant 2017 international $)",INT_USD_CAP,International Dollar per capita,FAO_FS,Suite of Food Security Indicators,0,Units,A,Normal value,PU,Public,810.3,851.3,838.3,795.8,877.1,952.1,1024.7,1109.1,1193.7,1262.5,1381.2,1492.5,1576.8,1696.9,1821.4,1957.4,2084.8,2222.8,2311.2,2438.0,2516.5,2588.4,2655.6,2758.0,2884.3
A,Annual,FIN,Finland,FAO_FS_22013,"Gross domestic product per capita, PPP, (constant 2017 international $)",INT_USD_CAP,International Dollar per capita,FAO_FS,Suite of Food Security Indicators,0,Units,A,Normal value,PU,Public,46968.8,48099.3,48792.5,49655.5,51494.7,52744.0,54654.0,57313.3,57494.6,52599.1,54017.9,55053.4,53957.7,53183.4,52710.7,52782.5,53984.6,55637.2,56226.3,56922.5,55424.9,56790.4,57068.3,56246.4,55628.7
A,Annual,FJI,Fiji,FAO_FS_22013,"Gross domestic product per capita, PPP, (constant 2017 international $)",INT_USD_CAP,International Dollar per capita,FAO_FS,Suite of Food Security Indicators,0,Units,A,Normal value,PU,Public,9426.1,9516.3,9724.1,9728.0,10148.9,10127.1,10222.2,10051.0,10092.2,9910.2,10167.3,10413.0,10537.7,11019.3,11621.1,12131.1,12419.8,13090.5,13613.0,13567.5,11255.0,10685.2,12762.3,13652.5,14104.4
A,Annual,FRA,France,FAO_FS_22013,"Gross domestic product per capita, PPP, (constant 2017 international $)",INT_USD_CAP,International Dollar per capita,FAO_FS,Suite of Food Security Indicators,0,Units,A,Normal value,PU,Public,45922.5,46454.9,46610.8,46731.0,47720.4,48257.5,49223.2,50157.8,50068.3,48405.0,49130.4,50085.7,49935.6,50066.5,50326.6,50682.9,50984.1,51895.6,52561.0,53448.6,49311.3,52517.3,53691.6,54017.9,54465.0
A,Annual,FSM,"Micronesia, Fed. Sts.",FAO_FS_22013,"Gross domestic product per capita, PPP, (constant 2017 international $)",INT_USD_CAP,International Dollar per capita,FAO_FS,Suite of Food Security Indicators,0,Units,A,Normal value,PU,Public,3611.4,3679.2,3696.6,3760.2,3656.1,3747.9,3767.9,3727.3,3669.1,3742.8,3842.2,3958.9,3878.1,3727.4,3632.2,3788.9,3794.7,3811.8,3796.9,3938.6,3850.5,3944.7,3813.3,3814.2,3823.6
A,Annual,GAB,Gabon,FAO_FS_22013,"Gross domestic product per capita, PPP, (constant 2017 international $)",INT_USD_CAP,International Dollar per capita,FAO_FS,Suite of Food Security Indicators,0,Units,A,Normal value,PU,Public,21717.2,21604.8,20981.5,20875.5,20438.9,20385.3,19224.1,19751.9,18493.1,17911.1,18530.6,19153.1,19450.4,19836.5,20009.0,20147.7,19988.2,19555.7,19225.6,19491.4,18681.5,18523.6,18662.0,18702.7,18923.1
A,Annual,GBR,United Kingdom,FAO_FS_22013,"Gross domestic product per capita, PPP, (constant 2017 international $)",INT_USD_CAP,International Dollar per capita,FAO_FS,Suite of Food Security Indicators,0,Units,A,Normal value,PU,Public,43247.6,44189.9,44793.3,45990.7,46853.8,47804.8,48584.4,49473.0,48963.0,46348.8,47013.9,47178.9,47550.9,48083.8,49250.6,49983.3,50540.9,51601.1,52071.3,52645.5,47144.7,51004.4,52982.2,52502.9,52518.0
A,Annual,GEO,Georgia,FAO_FS_22013,"Gross domestic product per capita, PPP, (constant 2017 international $)",INT_USD_CAP,International Dollar per capita,FAO_FS,Suite of Food Security Indicators,0,Units,A,Normal value,PU,Public,5706.3,6074.1,6464.3,7227.7,7693.9,8485.6,9338.0,10567.3,10856.1,10553.1,11294.4,12288.7,13194.0,13913.0,14475.3,14936.8,15443.0,16237.6,17228.7,18186.9,17031.1,18915.7,20966.5,22590.5,25000.6
A,Annual,GHA,Ghana,FAO_FS_22013,"Gross domestic product per capita, PPP, (constant 2017 international $)",INT_USD_CAP,International Dollar per capita,FAO_FS,Suite of Food Security Indicators,0,Units,A,Normal value,PU,Public,3327.4,3369.5,3425.6,3507.8,3607.4,3721.3,3857.9,3923.1,4174.8,4269.2,4495.7,5005.4,5339.7,5593.8,5619.1,5607.4,5666.1,5993.6,6234.5,6508.2,6412.7,6607.5,6728.5,6808.5,7061.9
A,Annual,GIN,Guinea,FAO_FS_22013,"Gross domestic product per capita, PPP, (constant 2017 international $)",INT_USD_CAP,International Dollar per capita,FAO_FS,Suite of Food Security Indicators,0,Units,A,Normal value,PU,Public,2358.3,2412.8,2498.1,2473.2,2477.5,2501.2,2478.6,2587.0,2629.5,2537.3,2594.8,2673.4,2762.9,2802.6,2835.0,2869.9,3099.8,3332.8,3455.6,3557.5,3631.0,3738.8,3792.0,3904.8,4028.5
A,Annual,GMB,"Gambia, The",FAO_FS_22013,"Gross domestic product per capita, PPP, (constant 2017 international $)",INT_USD_CAP,International Dollar per capita,FAO_FS,Suite of Food Security Indicators,0,Units,A,Normal value,PU,Public,2658.6,2737.7,2578.6,2682.5,2794.2,2653.6,2564.7,2567.2,2649.6,2745.3,2824.2,2519.8,2574.9,2572.4,2465.1,2496.0,2478.5,2533.2,2651.4,2750.8,2702.3,2777.8,2863.2,2932.3,3031.0
A,Annual,GNB,Guinea-Bissau,FAO_FS_22013,"Gross domestic product per capita, PPP, (constant 2017 international $)",INT_USD_CAP,International Dollar per capita,FAO_FS,Suite of Food Security Indicators,0,Units,A,Normal value,PU,Public,1950.8,2001.2,2029.2,1978.1,1955.7,2035.7,2040.2,2040.9,2080.1,2077.6,2138.0,2250.9,2154.3,2166.0,2130.2,2203.5,2265.6,2314.2,2344.9,2418.1,2413.7,2483.9,2564.4,2619.4,2685.6
A,Annual,GNQ,Equatorial Guinea,FAO_FS_22013,"Gross domestic product per capita, PPP, (constant 2017 international $)",INT_USD_CAP,International Dollar per capita,FAO_FS,Suite of Food Security Indicators,0,Units,A,Normal value,PU,Public,11767.5,18032.0,20242.4,21709.6,28226.0,31303.0,32251.8,35540.4,39994.6,38706.6,33668.9,34341.9,35711.5,32894.4,31765.9,27797.8,24435.1,22250.4,20165.5,18446.6,17089.2,16821.4,16932.8,15688.2,15454.4
A,Annual,GRC,Greece,FAO_FS_22013,"Gross domestic product per capita, PPP, (constant 2017 international $)",INT_USD_CAP,International Dollar per capita,FAO_FS,Suite of Food Security Indicators,0,Units,A,Normal value,PU,Public,31386.6,32675.9,34081.0,35970.7,37811.5,38147.0,40483.2,41796.2,41709.4,39886.2,37566.7,33906.5,31250.2,30762.4,31213.4,31348.0,31468.6,31995.4,32722.3,33502.8,30487.1,33531.2,35906.6,36854.5,37752.6
A,Annual,GRD,Grenada,FAO_FS_22013,"Gross domestic product per capita, PPP, (constant 2017 international $)",INT_USD_CAP,International Dollar per capita,FAO_FS,Suite of Food Security Indicators,0,Units,A,Normal value,PU,Public,11632.2,11340.2,11684.9,12734.3,12601.1,14220.6,13602.7,14385.1,14472.4,13471.8,13363.1,13406.1,13169.5,13394.5,14296.7,15146.0,15650.4,16301.5,16975.2,17047.4,14656.7,15298.1,16386.5,17128.7,17742.2
A,Annual,GRL,Greenland,FAO_FS_22013,"Gross domestic product per capita, PPP, (constant 2017 international $)",INT_USD_CAP,International Dollar per capita,FAO_FS,Suite of Food Security Indicators,0,Units,A,Normal value,PU,Public,44991.7,45405.9,44793.3,46649.0,49742.1,52189.0,55243.7,56763.2,60506.2,61035.6,61863.3,61170.9,62111.1,61659.6,64799.3,63364.1,66245.7,66297.2,66887.7,68534.9,68533.7,69302.0,70681.2,71037.5,
A,Annual,GTM,Guatemala,FAO_FS_22013,"Gross domestic product per capita, PPP, (constant 2017 international $)",INT_USD_CAP,International Dollar per capita,FAO_FS,Suite of Food Security Indicators,0,Units,A,Normal value,PU,Public,8770.4,8771.2,8901.5,8926.2,9003.9,9099.7,9386.0,9772.8,9889.6,9740.7,9825.0,10032.1,10126.8,10297.8,10553.6,10786.0,10872.6,11005.5,11192.4,11466.4,11097.2,11825.1,12147.9,12384.9,12640.9
A,Annual,GUY,Guyana,FAO_FS_22013,"Gross domestic product per capita, PPP, (constant 2017 international $)",INT_USD_CAP,International Dollar per capita,FAO_FS,Suite of Food Security Indicators,0,Units,A,Normal value,PU,Public,8025.3,8212.0,8314.0,8267.4,8404.2,8256.5,8702.3,9354.1,9546.7,9924.5,10374.4,10958.9,11535.0,11896.9,12030.1,12040.1,12420.5,12801.6,12980.4,13402.4,19234.1,22865.9,37068.2,49312.4,70297.4
A,Annual,HKG,"Hong Kong SAR, China",FAO_FS_22013,"Gross domestic product per capita, PPP, (constant 2017 international $)",INT_USD_CAP,International Dollar per capita,FAO_FS,Suite of Food Security Indicators,0,Units,A,Normal value,PU,Public,39848.6,39777.9,40258.2,41570.6,44836.2,47938.9,50981.8,53813.1,54630.4,53172.3,56355.4,58672.8,59015.3,60601.6,61839.8,62779.7,63749.4,65662.8,66993.9,65388.3,61328.5,65884.9,64036.7,64428.7,66171.4
A,Annual,HND,Honduras,FAO_FS_22013,"Gross domestic product per capita, PPP, (constant 2017 international $)",INT_USD_CAP,International Dollar per capita,FAO_FS,Suite of Food Security Indicators,0,Units,A,Normal value,PU,Public,4579.7,4578.9,4627.0,4714.9,4885.3,5056.7,5263.2,5461.9,5566.7,5313.8,5396.1,5488.4,5600.6,5644.1,5705.2,5812.5,5926.5,6099.6,6219.3,6264.0,5603.3,6203.0,6352.6,6467.9,6585.9
A,Annual,HRV,Croatia,FAO_FS_22013,"Gross domestic product per capita, PPP, (constant 2017 international $)",INT_USD_CAP,International Dollar per capita,FAO_FS,Suite of Food Security Indicators,0,Units,A,Normal value,PU,Public,21302.5,22826.9,24137.4,25474.2,26529.2,27641.6,29039.3,30512.2,31116.5,29026.7,28704.5,28775.6,28260.8,28401.7,28460.7,29471.8,30824.9,32351.9,33730.9,35123.5,32493.6,36930.5,39861.8,41135.1,42631.3
A,Annual,HTI,Haiti,FAO_FS_22013,"Gross domestic product per capita, PPP, (constant 2017 international $)",INT_USD_CAP,International Dollar per capita,FAO_FS,Suite of Food Security Indicators,0,Units,A,Normal value,PU,Public,3256.6,3186.8,3163.6,3216.8,3120.8,3163.1,3164.8,3258.4,3289.7,3426.4,3195.2,3320.3,3285.7,3376.6,3423.7,3422.1,3435.7,3474.3,3485.7,3381.6,3229.5,3135.0,3047.7,2956.5,2800.7
A,Annual,HUN,Hungary,FAO_FS_22013,"Gross domestic product per capita, PPP, (constant 2017 international $)",INT_USD_CAP,International Dollar per capita,FAO_FS,Suite of Food Security Indicators,0,Units,A,Normal value,PU,Public,22117.9,23069.2,24229.3,25255.9,26568.1,27765.8,28903.0,29044.1,29384.0,27446.0,27801.8,28415.1,28179.7,28891.0,30264.9,31485.6,32379.0,33828.7,35798.0,37662.7,36119.5,38887.2,40657.0,40368.6,40702.2
A,Annual,IDN,Indonesia,FAO_FS_22013,"Gross domestic product per capita, PPP, (constant 2017 international $)",INT_USD_CAP,International Dollar per capita,FAO_FS,Suite of Food Security Indicators,0,Units,A,Normal value,PU,Public,6056.4,6190.5,6381.9,6599.1,6843.5,7140.9,7434.5,7802.5,8165.1,8435.5,8848.2,9275.0,9708.6,10121.8,10504.4,10893.7,11319.7,11772.6,12262.2,12757.8,12388.5,12757.1,13334.3,13890.0,14470.4
A,Annual,IND,India,FAO_FS_22013,"Gross domestic product per capita, PPP, (constant 2017 international $)",INT_USD_CAP,International Dollar per capita,FAO_FS,Suite of Food Security Indicators,0,Units,A,Normal value,PU,Public,3099.5,3188.8,3250.7,3445.9,3656.1,3882.0,4129.8,4379.7,4450.4,4731.4,5059.3,5249.5,5460.4,5732.2,6079.8,6488.1,6940.6,7326.6,7714.3,7930.1,7399.5,8050.0,8594.4,9301.8,9817.1
A,Annual,IRL,Ireland,FAO_FS_22013,"Gross domestic product per capita, PPP, (constant 2017 international $)",INT_USD_CAP,International Dollar per capita,FAO_FS,Suite of Food Security Indicators,0,Units,A,Normal value,PU,Public,53744.5,55702.2,58002.5,58785.2,61638.3,63771.6,65171.5,66676.5,62401.4,58623.1,59285.8,60001.1,59509.0,60494.2,65660.2,81053.4,80997.6,87942.4,93214.3,96369.6,101971.0,116904.0,124489.0,115505.0,115337.0
A,Annual,IRN,"Iran, Islamic Rep.",FAO_FS_22013,"Gross domestic product per capita, PPP, (constant 2017 international $)",INT_USD_CAP,International Dollar per capita,FAO_FS,Suite of Food Security Indicators,0,Units,A,Normal value,PU,Public,10908.3,10998.1,11788.9,12666.2,12935.8,13056.2,13416.8,14275.7,14138.8,14105.0,14737.2,14941.3,14202.6,13804.8,14299.6,13905.2,14915.6,15108.1,14642.5,14040.7,14397.2,14951.9,15331.3,15912.0,16224.0
A,Annual,IRQ,Iraq,FAO_FS_22013,"Gross domestic product per capita, PPP, (constant 2017 international $)",INT_USD_CAP,International Dollar per capita,FAO_FS,Suite of Food Security Indicators,0,Units,A,Normal value,PU,Public,12702.2,12529.6,11144.1,6849.3,10210.6,10078.4,10568.9,10853.8,11511.9,11470.5,11816.8,12267.6,13357.0,13712.9,13536.8,13516.0,15016.1,14417.6,14456.2,14910.2,12827.6,12731.8,13433.4,13202.3,12725.0
A,Annual,ISL,Iceland,FAO_FS_22013,"Gross domestic product per capita, PPP, (constant 2017 international $)",INT_USD_CAP,International Dollar per capita,FAO_FS,Suite of Food Security Indicators,0,Units,A,Normal value,PU,Public,47771.2,49032.4,48868.6,49571.2,52971.8,55333.2,57463.7,60765.2,60963.5,56099.6,54589.0,55427.0,55719.3,57707.4,58031.9,59978.3,62880.3,63999.2,65354.3,65122.8,59627.2,61610.2,65475.4,67177.2,65645.1
A,Annual,ISR,Israel,FAO_FS_22013,"Gross domestic product per capita, PPP, (constant 2017 international $)",INT_USD_CAP,International Dollar per capita,FAO_FS,Suite of Food Security Indicators,0,Units,A,Normal value,PU,Public,33275.1,32590.2,31897.6,31780.8,32675.2,33512.9,34770.0,36317.9,36827.9,36403.2,37722.4,39075.4,39299.4,40148.8,40872.6,40967.4,41963.7,42947.1,43814.3,44580.8,42915.9,46162.1,48098.2,47527.2,47338.8
A,Annual,ITA,Italy,FAO_FS_22013,"Gross domestic product per capita, PPP, (constant 2017 international $)",INT_USD_CAP,International Dollar per capita,FAO_FS,Suite of Food Security Indicators,0,Units,A,Normal value,PU,Public,50353.4,51332.3,51369.1,51126.3,51495.0,51585.6,52304.2,52747.2,51806.4,48774.4,49301.7,49473.0,47796.0,46833.4,46825.7,47311.8,47987.8,48849.2,49133.1,49690.6,45505.1,49825.4,52333.3,52725.7,53115.1
A,Annual,JAM,Jamaica,FAO_FS_22013,"Gross domestic product per capita, PPP, (constant 2017 international $)",INT_USD_CAP,International Dollar per capita,FAO_FS,Suite of Food Security Indicators,0,Units,A,Normal value,PU,Public,9518.2,9585.3,9716.9,10012.3,10085.6,10119.5,10359.3,10458.0,10328.0,9838.3,9654.1,9778.7,9676.8,9687.6,9719.3,9778.1,9886.6,9964.4,10137.1,10216.1,9178.3,9577.2,10072.0,10332.1,10260.0
A,Annual,JOR,Jordan,FAO_FS_22013,"Gross domestic product per capita, PPP, (constant 2017 international $)",INT_USD_CAP,International Dollar per capita,FAO_FS,Suite of Food Security Indicators,0,Units,A,Normal value,PU,Public,8086.9,8339.8,8638.1,8800.5,9326.7,9839.7,9977.8,10161.4,10641.6,10938.5,10953.5,10977.5,11086.0,10799.4,10149.0,9581.7,9321.9,9339.8,9311.5,9288.5,9022.6,9182.5,9266.6,9381.4,9520.3
A,Annual,JPN,Japan,FAO_FS_22013,"Gross domestic product per capita, PPP, (constant 2017 international $)",INT_USD_CAP,International Dollar per capita,FAO_FS,Suite of Food Security Indicators,0,Units,A,Normal value,PU,Public,39005.9,39062.3,38987.9,39501.8,40351.8,41075.8,41613.1,42182.2,41645.6,39279.5,40881.8,40967.3,41596.9,42492.2,42674.7,43386.7,43736.1,44505.3,44848.5,44730.9,42992.5,44355.3,44972.3,45858.7,46097.4
A,Annual,KAZ,Kazakhstan,FAO_FS_22013,"Gross domestic product per capita, PPP, (constant 2017 international $)",INT_USD_CAP,International Dollar per capita,FAO_FS,Suite of Food Security Indicators,0,Units,A,Normal value,PU,Public,12935.9,14612.0,15960.9,17344.8,18886.6,20565.5,22574.3,24351.3,24895.7,24901.4,26374.8,27946.2,28881.2,30177.5,30986.4,30893.8,30758.3,31524.4,32330.2,33298.2,32011.5,32945.9,33506.3,34703.2,35905.4
A,Annual,KEN,Kenya,FAO_FS_22013,"Gross domestic product per capita, PPP, (constant 2017 international $)",INT_USD_CAP,International Dollar per capita,FAO_FS,Suite of Food Security Indicators,0,Units,A,Normal value,PU,Public,3756.6,3778.3,3681.3,3674.1,3743.6,3844.7,3970.7,4116.5,4002.9,4012.2,4211.5,4307.1,4387.9,4443.4,4558.6,4679.6,4770.3,4846.9,5017.7,5171.7,5057.4,5338.9,5491.7,5683.0,5823.4
A,Annual,KGZ,Kyrgyz Republic,FAO_FS_22013,"Gross domestic product per capita, PPP, (constant 2017 international $)",INT_USD_CAP,International Dollar per capita,FAO_FS,Suite of Food Security Indicators,0,Units,A,Normal value,PU,Public,3638.5,3795.9,3760.5,3982.9,4211.5,4157.0,4240.2,4558.7,4894.9,4970.0,4876.5,5092.9,4993.4,5418.5,5513.8,5600.2,5715.0,5861.2,5951.8,6087.6,5537.8,5736.5,6139.8,6575.8,7046.3
A,Annual,KHM,Cambodia,FAO_FS_22013,"Gross domestic product per capita, PPP, (constant 2017 international $)",INT_USD_CAP,International Dollar per capita,FAO_FS,Suite of Food Security Indicators,0,Units,A,Normal value,PU,Public,1922.0,2032.1,2126.3,2309.8,2491.3,2781.9,3041.1,3308.2,3501.9,3587.6,3711.5,3922.0,4159.2,4419.4,4702.7,4968.6,5283.7,5632.0,6050.6,6448.9,6128.8,6225.5,6458.4,6695.3,7011.6
A,Annual,KIR,Kiribati,FAO_FS_22013,"Gross domestic product per capita, PPP, (constant 2017 international $)",INT_USD_CAP,International Dollar per capita,FAO_FS,Suite of Food Security Indicators,0,Units,A,Normal value,PU,Public,2481.4,2357.6,2341.7,2258.0,2199.7,2183.8,2264.2,2286.4,2172.4,2138.0,2119.6,2150.4,2242.0,2382.4,2381.3,2615.8,2761.9,2822.7,2877.6,2927.5,2834.7,3020.5,3107.8,3140.6,3257.1
A,Annual,KNA,St. Kitts and Nevis,FAO_FS_22013,"Gross domestic product per capita, PPP, (constant 2017 international $)",INT_USD_CAP,International Dollar per capita,FAO_FS,Suite of Food Security Indicators,0,Units,A,Normal value,PU,Public,19840.6,20648.8,20813.4,19927.2,20661.3,22612.7,23259.0,23330.0,25898.8,24973.8,24997.6,25380.0,25114.1,26532.1,28530.3,28729.6,29867.0,29948.9,30576.2,31512.2,26736.9,26896.6,29712.7,30966.3,31270.7
A,Annual,KOR,"Korea, Rep.",FAO_FS_22013,"Gross domestic product per capita, PPP, (constant 2017 international $)",INT_USD_CAP,International Dollar per capita,FAO_FS,Suite of Food Security Indicators,0,Units,A,Normal value,PU,Public,25111.1,26128.4,27984.6,28716.2,30089.2,31319.1,32795.2,34522.3,35293.4,35390.6,37611.0,38698.5,39420.4,40483.3,41518.1,42459.9,43538.0,44787.6,45890.4,46757.3,46361.6,48419.6,49777.9,50414.2,
A,Annual,KWT,Kuwait,FAO_FS_22013,"Gross domestic product per capita, PPP, (constant 2017 international $)",INT_USD_CAP,International Dollar per capita,FAO_FS,Suite of Food Security Indicators,0,Units,A,Normal value,PU,Public,60585.3,59099.7,59348.6,67984.3,73298.1,78193.9,79521.3,79474.8,77036.5,67896.3,62956.2,64844.5,64908.3,62458.8,60065.7,57763.5,56936.6,52285.6,51623.8,51380.6,49372.6,50652.0,51379.9,47777.4,45426.9
A,Annual,LAO,Lao PDR,FAO_FS_22013,"Gross domestic product per capita, PPP, (constant 2017 international $)",INT_USD_CAP,International Dollar per capita,FAO_FS,Suite of Food Security Indicators,0,Units,A,Normal value,PU,Public,2899.0,3015.6,3143.2,3283.0,3441.2,3630.6,3881.5,4112.3,4367.2,4625.1,4946.1,5266.9,5609.0,5974.5,6341.2,6703.7,7063.3,7432.5,7775.1,8075.3,7995.6,8080.4,8183.0,8372.2,8610.9
A,Annual,LBN,Lebanon,FAO_FS_22013,"Gross domestic product per capita, PPP, (constant 2017 international $)",INT_USD_CAP,International Dollar per capita,FAO_FS,Suite of Food Security Indicators,0,Units,A,Normal value,PU,Public,11571.7,11817.9,12053.8,12272.3,12882.1,13024.7,13003.7,13941.6,14955.1,16264.4,17390.8,17353.2,17323.3,16396.5,15205.9,14980.0,15572.4,16128.6,16290.1,15659.6,12507.4,11599.8,11474.8,11330.3,
A,Annual,LBR,Liberia,FAO_FS_22013,"Gross domestic product per capita, PPP, (constant 2017 international $)",INT_USD_CAP,International Dollar per capita,FAO_FS,Suite of Food Security Indicators,0,Units,A,Normal value,PU,Public,1868.2,1867.1,1887.6,1308.2,1326.5,1335.6,1364.6,1422.1,1463.1,1493.0,1538.9,1601.0,1669.0,1774.5,1750.1,1714.1,1653.3,1661.3,1648.0,1575.8,1497.4,1539.2,1579.0,1616.9,1658.3
A,Annual,LBY,Libya,FAO_FS_22013,"Gross domestic product per capita, PPP, (constant 2017 international $)",INT_USD_CAP,International Dollar per capita,FAO_FS,Suite of Food Security Indicators,0,Units,A,Normal value,PU,Public,17742.3,17111.5,16625.1,18417.9,18846.2,20644.0,21539.6,22416.1,21909.4,20513.6,21110.0,10739.1,20595.6,16553.1,12495.8,12192.1,11828.7,15424.1,16380.9,14333.4,9976.0,12641.5,11456.1,12478.1,12275.9
A,Annual,LCA,St. Lucia,FAO_FS_22013,"Gross domestic product per capita, PPP, (constant 2017 international $)",INT_USD_CAP,International Dollar per capita,FAO_FS,Suite of Food Security Indicators,0,Units,A,Normal value,PU,Public,18818.9,17993.6,17911.6,18522.5,19715.8,19491.2,20551.1,20759.3,21651.2,20907.3,20849.1,21637.9,21515.9,21029.3,21214.5,21143.0,21775.5,22422.6,22981.9,22738.2,17142.0,19101.2,22962.3,23403.7,24252.5
A,Annual,LKA,Sri Lanka,FAO_FS_22013,"Gross domestic product per capita, PPP, (constant 2017 international $)",INT_USD_CAP,International Dollar per capita,FAO_FS,Suite of Food Security Indicators,0,Units,A,Normal value,PU,Public,6428.6,6230.0,6409.9,6741.0,7059.9,7452.7,7970.7,8454.2,8897.8,9156.3,9832.2,10618.5,11447.7,12249.7,12910.0,13329.8,13845.6,14572.5,14759.8,14637.4,13886.7,14316.1,13249.1,13024.9,13752.8
A,Annual,LSO,Lesotho,FAO_FS_22013,"Gross domestic product per capita, PPP, (constant 2017 international $)",INT_USD_CAP,International Dollar per capita,FAO_FS,Suite of Food Security Indicators,0,Units,A,Normal value,PU,Public,1932.2,2004.0,2024.8,2127.4,2178.7,2275.0,2381.0,2470.3,2589.2,2538.2,2651.4,2749.3,2894.2,2914.4,2930.6,2987.0,3057.3,2924.7,2846.4,2773.3,2517.1,2544.8,2577.5,2595.8,2637.9
A,Annual,LTU,Lithuania,FAO_FS_22013,"Gross domestic product per capita, PPP, (constant 2017 international $)",INT_USD_CAP,International Dollar per capita,FAO_FS,Suite of Food Security Indicators,0,Units,A,Normal value,PU,Public,15771.4,16933.0,18216.5,20303.0,21867.3,23944.7,26129.3,29370.8,30445.8,26217.5,26887.5,29240.7,30920.3,32474.6,33975.1,35251.3,36618.1,38774.5,41019.8,43062.3,43091.8,45873.5,46651.2,46159.7,47169.0
A,Annual,LUX,Luxembourg,FAO_FS_22013,"Gross domestic product per capita, PPP, (constant 2017 international $)",INT_USD_CAP,International Dollar per capita,FAO_FS,Suite of Food Security Indicators,0,Units,A,Normal value,PU,Public,114142.0,116258.0,118758.0,120396.0,123720.0,124867.0,130285.0,138678.0,135812.0,129002.0,131432.0,129885.0,128895.0,129946.0,130248.0,130097.0,133662.0,132170.0,131734.0,132725.0,129866.0,136772.0,132574.0,129022.0,128182.0
A,Annual,LVA,Latvia,FAO_FS_22013,"Gross domestic product per capita, PPP, (constant 2017 international $)",INT_USD_CAP,International Dollar per capita,FAO_FS,Suite of Food Security Indicators,0,Units,A,Normal value,PU,Public,14554.2,15695.9,17096.6,18717.7,20574.1,23213.4,26431.8,29423.7,28727.0,24520.7,24119.7,25308.7,27496.5,28375.2,29243.7,30599.6,31668.5,33036.4,34729.7,35208.2,34225.9,36912.0,37681.0,38796.6,38936.0
A,Annual,MAC,"Macao SAR, China",FAO_FS_22013,"Gross domestic product per capita, PPP, (constant 2017 international $)",INT_USD_CAP,International Dollar per capita,FAO_FS,Suite of Food Security Indicators,0,Units,A,Normal value,PU,Public,55936.2,57114.1,61564.9,67925.7,83915.2,87090.7,93725.0,102762.0,102356.0,104765.0,130596.0,155185.0,164065.0,174339.0,162582.0,123396.0,120755.0,133500.0,139788.0,133549.0,59791.5,74177.8,60089.8,104962.0,112844.0
A,Annual,MAR,Morocco,FAO_FS_22013,"Gross domestic product per capita, PPP, (constant 2017 international $)",INT_USD_CAP,International Dollar per capita,FAO_FS,Suite of Food Security Indicators,0,Units,A,Normal value,PU,Public,5100.1,5417.6,5544.1,5810.1,5996.4,6103.4,6488.7,6620.6,6902.0,7063.7,7210.6,7503.8,7628.6,7839.0,7951.8,8198.8,8141.9,8450.0,8611.8,8768.2,8054.6,8623.3,8666.1,8868.7,9065.9
A,Annual,MDA,Moldova,FAO_FS_22013,"Gross domestic product per capita, PPP, (constant 2017 international $)",INT_USD_CAP,International Dollar per capita,FAO_FS,Suite of Food Security Indicators,0,Units,A,Normal value,PU,Public,5727.1,6090.0,6580.3,7034.4,7573.6,8161.5,8577.0,8854.8,9563.7,9001.2,9650.0,10217.3,10158.4,11080.1,11641.1,11691.1,12377.4,13118.8,13895.5,14621.2,13559.3,15682.1,15358.0,15990.5,16465.9
A,Annual,MDG,Madagascar,FAO_FS_22013,"Gross domestic product per capita, PPP, (constant 2017 international $)",INT_USD_CAP,International Dollar per capita,FAO_FS,Suite of Food Security Indicators,0,Units,A,Normal value,PU,Public,1701.4,1748.5,1486.4,1584.7,1620.1,1648.2,1686.9,1731.6,1794.4,1673.2,1635.2,1614.6,1617.8,1610.6,1620.4,1627.6,1648.9,1669.7,1678.8,1707.8,1545.7,1577.4,1602.7,1629.5,1657.0
A,Annual,MDV,Maldives,FAO_FS_22013,"Gross domestic product per capita, PPP, (constant 2017 international $)",INT_USD_CAP,International Dollar per capita,FAO_FS,Suite of Food Security Indicators,0,Units,A,Normal value,PU,Public,13738.3,12978.0,13689.8,15316.1,15958.7,13942.9,16830.0,17440.0,18344.5,16230.0,16730.0,17581.8,17390.1,17986.9,18765.4,18829.4,19345.2,20036.7,21072.6,21855.5,14243.0,19052.6,21357.8,22287.0,23351.1
A,Annual,MEX,Mexico,FAO_FS_22013,"Gross domestic product per capita, PPP, (constant 2017 international $)",INT_USD_CAP,International Dollar per capita,FAO_FS,Suite of Food Security Indicators,0,Units,A,Normal value,PU,Public,20470.5,20078.2,19744.8,19701.5,20127.2,20277.3,20965.8,21102.3,20992.6,19385.5,20058.4,20457.6,20898.9,20805.3,21069.8,21408.9,21578.3,21777.5,21997.8,21704.2,19728.5,20782.6,21392.1,21905.2,22033.3
A,Annual,MHL,Marshall Islands,FAO_FS_22013,"Gross domestic product per capita, PPP, (constant 2017 international $)",INT_USD_CAP,International Dollar per capita,FAO_FS,Suite of Food Security Indicators,0,Units,A,Normal value,PU,Public,3772.2,4000.7,4121.8,4040.7,4012.3,4075.2,4075.6,4222.4,3903.3,4047.2,4269.4,4259.1,4244.0,4469.9,4492.0,4670.1,4896.5,5199.3,5635.3,6405.1,6417.2,6705.9,6844.3,6786.7,7212.3
A,Annual,MKD,North Macedonia,FAO_FS_22013,"Gross domestic product per capita, PPP, (constant 2017 international $)",INT_USD_CAP,International Dollar per capita,FAO_FS,Suite of Food Security Indicators,0,Units,A,Normal value,PU,Public,11987.6,11571.2,11829.6,12077.2,12682.7,13353.7,14117.5,15117.4,16037.2,16083.3,16730.2,17200.3,17189.0,17757.2,18451.2,19214.0,19824.7,20119.9,20804.8,21765.7,20970.3,22143.0,22821.0,23343.6,24464.0
A,Annual,MLI,Mali,FAO_FS_22013,"Gross domestic product per capita, PPP, (constant 2017 international $)",INT_USD_CAP,International Dollar per capita,FAO_FS,Suite of Food Security Indicators,0,Units,A,Normal value,PU,Public,1912.3,2141.0,2140.0,2262.1,2224.1,2314.0,2388.3,2400.7,2474.9,2506.6,2594.4,2612.8,2523.2,2508.9,2615.7,2686.6,2759.1,2816.2,2862.4,2916.2,2796.4,2796.2,2808.5,2854.8,2910.8
A,Annual,MLT,Malta,FAO_FS_22013,"Gross domestic product per capita, PPP, (constant 2017 international $)",INT_USD_CAP,International Dollar per capita,FAO_FS,Suite of Food Security Indicators,0,Units,A,Normal value,PU,Public,31038.1,30572.8,31177.5,32117.3,32032.3,32745.6,33388.7,34948.3,36252.9,35478.6,37492.7,37704.5,38900.0,40882.0,43121.6,46127.6,46922.2,51579.0,53367.9,53342.2,50393.0,56802.0,57781.5,59293.3,60469.8
A,Annual,MMR,Myanmar,FAO_FS_22013,"Gross domestic product per capita, PPP, (constant 2017 international $)",INT_USD_CAP,International Dollar per capita,FAO_FS,Suite of Food Security Indicators,0,Units,A,Normal value,PU,Public,1359.9,1498.3,1661.7,1874.2,2110.2,2377.9,2669.3,2968.3,3254.7,3578.2,3893.8,4078.6,4341.0,4667.0,5006.5,5313.9,5581.0,5877.9,6201.3,6563.0,5926.8,5178.4,5350.5,5364.1,5276.3
A,Annual,MNE,Montenegro,FAO_FS_22013,"Gross domestic product per capita, PPP, (constant 2017 international $)",INT_USD_CAP,International Dollar per capita,FAO_FS,Suite of Food Security Indicators,0,Units,A,Normal value,PU,Public,14431.8,14531.9,14749.4,15055.3,15693.9,16325.8,17702.3,18881.8,20209.6,18997.7,19481.4,20080.6,19499.9,20154.1,20475.5,21139.0,21738.0,22740.4,23877.7,24835.4,21039.3,23842.1,25429.0,27043.3,27852.0
A,Annual,MNG,Mongolia,FAO_FS_22013,"Gross domestic product per capita, PPP, (constant 2017 international $)",INT_USD_CAP,International Dollar per capita,FAO_FS,Suite of Food Security Indicators,0,Units,A,Normal value,PU,Public,5818.2,5917.1,6118.0,6463.8,7070.7,7499.8,8044.0,8750.1,9379.9,9096.0,9507.1,10960.1,12078.9,13210.1,13943.4,13974.6,13898.1,14401.5,15230.2,15790.7,14801.3,14792.3,15310.4,16222.9,16801.3
A,Annual,MOZ,Mozambique,FAO_FS_22013,"Gross domestic product per capita, PPP, (constant 2017 international $)",INT_USD_CAP,International Dollar per capita,FAO_FS,Suite of Food Security Indicators,0,Units,A,Normal value,PU,Public,712.0,785.8,842.6,883.2,934.1,970.4,1041.8,1095.1,1141.9,1178.7,1224.2,1275.5,1338.5,1385.8,1449.9,1512.6,1537.9,1532.0,1538.8,1528.9,1466.1,1457.2,1476.7,1511.6,1495.3
A,Annual,MRT,Mauritania,FAO_FS_22013,"Gross domestic product per capita, PPP, (constant 2017 international $)",INT_USD_CAP,International Dollar per capita,FAO_FS,Suite of Food Security Indicators,0,Units,A,Normal value,PU,Public,5008.6,4847.4,4806.9,5023.7,5139.2,5445.8,6284.7,6002.8,5813.4,5639.8,5605.8,5653.2,5716.3,5769.7,5837.9,5969.5,5866.3,6050.6,6153.6,6162.2,5963.2,5836.6,6053.3,6258.7,6397.0
A,Annual,MUS,Mauritius,FAO_FS_22013,"Gross domestic product per capita, PPP, (constant 2017 international $)",INT_USD_CAP,International Dollar per capita,FAO_FS,Suite of Food Security Indicators,0,Units,A,Normal value,PU,Public,13322.0,13659.6,13784.2,14495.7,15028.8,15205.7,15871.3,16704.0,17540.3,18073.7,18820.0,19556.0,20183.7,20811.5,21568.9,22335.3,23182.0,24073.2,25024.1,25739.4,21994.7,22737.6,24788.8,26060.7,27317.2
A,Annual,MWI,Malawi,FAO_FS_22013,"Gross domestic product per capita, PPP, (constant 2017 international $)",INT_USD_CAP,International Dollar per capita,FAO_FS,Suite of Food Security Indicators,0,Units,A,Normal value,PU,Public,1239.4,1149.6,1140.8,1176.1,1208.2,1214.7,1237.3,1318.3,1378.4,1449.7,1504.4,1533.2,1518.1,1555.5,1597.6,1597.7,1593.6,1613.1,1638.9,1687.3,1656.4,1687.6,1660.0,1648.4,1635.9
A,Annual,MYS,Malaysia,FAO_FS_22013,"Gross domestic product per capita, PPP, (constant 2017 international $)",INT_USD_CAP,International Dollar per capita,FAO_FS,Suite of Food Security Indicators,0,Units,A,Normal value,PU,Public,18532.9,18186.4,18708.9,19329.0,20168.5,20767.6,21444.5,22305.1,22898.0,22106.6,23308.0,24115.8,25006.4,25736.4,26818.4,27699.6,28425.4,29551.5,30460.0,31300.5,29200.5,29822.8,32079.2,32812.3,34071.9
A,Annual,NAM,Namibia,FAO_FS_22013,"Gross domestic product per capita, PPP, (constant 2017 international $)",INT_USD_CAP,International Dollar per capita,FAO_FS,Suite of Food Security Indicators,0,Units,A,Normal value,PU,Public,7858.4,7786.5,8017.3,8237.4,9130.8,9245.1,9773.3,10162.2,10286.5,10166.3,10614.6,10965.3,11266.6,11593.6,11982.7,12166.6,11846.8,11408.7,11214.4,10813.3,9652.2,9709.1,9953.1,10137.7,10281.3
A,Annual,NER,Niger,FAO_FS_22013,"Gross domestic product per capita, PPP, (constant 2017 international $)",INT_USD_CAP,International Dollar per capita,FAO_FS,Suite of Food Security Indicators,0,Units,A,Normal value,PU,Public,1190.6,1233.1,1248.8,1231.3,1192.1,1233.9,1260.1,1252.7,1300.6,1277.7,1336.6,1318.1,1403.2,1423.3,1462.8,1471.7,1500.0,1520.0,1574.3,1612.6,1615.7,1585.6,1717.5,1689.6,1772.7
A,Annual,NGA,Nigeria,FAO_FS_22013,"Gross domestic product per capita, PPP, (constant 2017 international $)",INT_USD_CAP,International Dollar per capita,FAO_FS,Suite of Food Security Indicators,0,Units,A,Normal value,PU,Public,3290.7,3392.0,3806.2,3974.8,4223.8,4373.0,4511.6,4677.5,4856.8,5102.9,5359.5,5488.0,5563.6,5775.9,5980.2,5985.1,5744.6,5651.7,5628.7,5628.2,5410.7,5491.7,5552.8,5593.1,5665.5
A,Annual,NIC,Nicaragua,FAO_FS_22013,"Gross domestic product per capita, PPP, (constant 2017 international $)",INT_USD_CAP,International Dollar per capita,FAO_FS,Suite of Food Security Indicators,0,Units,A,Normal value,PU,Public,4878.2,4958.3,4935.5,5000.6,5204.4,5357.0,5500.4,5697.2,5809.1,5538.4,5701.1,5976.3,6275.8,6494.1,6712.2,6939.0,7158.8,7391.2,7049.0,6756.6,6523.4,7119.2,7277.8,7496.5,
A,Annual,NLD,Netherlands,FAO_FS_22013,"Gross domestic product per capita, PPP, (constant 2017 international $)",INT_USD_CAP,International Dollar per capita,FAO_FS,Suite of Food Security Indicators,0,Units,A,Normal value,PU,Public,56016.9,56887.4,56664.4,56452.9,57391.4,58422.0,60391.5,62601.6,63678.4,61029.7,61518.6,62318.1,61480.8,61281.3,62045.9,63081.4,64267.7,65666.0,66758.3,67847.9,64862.2,68573.6,71324.0,70674.0,70901.8
A,Annual,NOR,Norway,FAO_FS_22013,"Gross domestic product per capita, PPP, (constant 2017 international $)",INT_USD_CAP,International Dollar per capita,FAO_FS,Suite of Food Security Indicators,0,Units,A,Normal value,PU,Public,77587.2,78791.3,79447.1,79728.8,82441.0,84080.0,85458.5,87043.5,86379.7,83642.1,83256.8,83092.4,84237.1,84070.5,84830.3,85550.3,85787.6,87194.1,87338.5,87725.7,86096.1,88984.1,91051.1,90085.6,91108.2
A,Annual,NPL,Nepal,FAO_FS_22013,"Gross domestic product per capita, PPP, (constant 2017 international $)",INT_USD_CAP,International Dollar per capita,FAO_FS,Suite of Food Security Indicators,0,Units,A,Normal value,PU,Public,2340.8,2413.8,2380.2,2439.5,2521.5,2580.2,2641.3,2708.7,2852.6,2961.8,3085.3,3176.7,3316.5,3426.6,3621.7,3745.3,3743.7,4071.7,4371.4,4607.5,4412.5,4546.2,4763.4,4861.2,5046.8
A,Annual,NRU,Nauru,FAO_FS_22013,"Gross domestic product per capita, PPP, (constant 2017 international $)",INT_USD_CAP,International Dollar per capita,FAO_FS,Suite of Food Security Indicators,0,Units,A,Normal value,PU,Public,8969.1,8394.1,7593.1,7632.1,7302.0,7284.0,7902.5,6157.9,7421.1,6996.8,6966.8,7926.2,9766.5,9882.1,11264.1,11344.1,11631.0,10763.8,10490.9,11273.1,11441.3,12196.6,12458.7,12461.1,12604.1
A,Annual,NZL,New Zealand,FAO_FS_22013,"Gross domestic product per capita, PPP, (constant 2017 international $)",INT_USD_CAP,International Dollar per capita,FAO_FS,Suite of Food Security Indicators,0,Units,A,Normal value,PU,Public,35879.8,36885.6,37959.1,38976.9,39971.8,40848.3,41475.1,42346.1,41561.2,41132.3,41270.9,41814.9,42570.3,43338.4,44255.5,44963.8,45626.7,46193.3,46947.9,47277.7,46104.6,47996.7,49618.5,49083.5,48162.9
A,Annual,OMN,Oman,FAO_FS_22013,"Gross domestic product per capita, PPP, (constant 2017 international $)",INT_USD_CAP,International Dollar per capita,FAO_FS,Suite of Food Security Indicators,0,Units,A,Normal value,PU,Public,42086.0,43492.3,42654.1,41247.6,41351.8,41551.1,42540.4,43697.0,46586.4,48304.1,48191.6,44440.3,41964.1,40854.5,39640.0,39813.8,39861.0,38691.1,38673.6,38292.4,37560.6,38719.5,39780.2,37709.1,36654.2
A,Annual,PAK,Pakistan,FAO_FS_22013,"Gross domestic product per capita, PPP, (constant 2017 international $)",INT_USD_CAP,International Dollar per capita,FAO_FS,Suite of Food Security Indicators,0,Units,A,Normal value,PU,Public,3531.7,3559.7,3563.7,3668.8,3859.6,4042.2,4185.9,4257.9,4233.3,4270.4,4228.8,4246.1,4292.0,4407.1,4520.2,4645.3,4886.6,5031.6,5255.1,5296.0,5135.0,5367.3,5526.3,5439.2,5531.0
A,Annual,PAN,Panama,FAO_FS_22013,"Gross domestic product per capita, PPP, (constant 2017 international $)",INT_USD_CAP,International Dollar per capita,FAO_FS,Suite of Food Security Indicators,0,Units,A,Normal value,PU,Public,14573.0,14427.8,14507.1,14957.6,15875.1,16868.0,18190.3,20208.8,21867.8,21823.0,22739.1,24999.5,26926.9,28135.3,28931.8,29933.2,30765.2,31979.8,32681.4,33163.7,26881.8,30932.8,33833.0,35863.9,36426.0
A,Annual,PER,Peru,FAO_FS_22013,"Gross domestic product per capita, PPP, (constant 2017 international $)",INT_USD_CAP,International Dollar per capita,FAO_FS,Suite of Food Security Indicators,0,Units,A,Normal value,PU,Public,7669.1,7611.7,7931.6,8174.4,8496.0,8950.0,9547.9,10286.4,11151.5,11204.4,12059.0,12726.6,13395.4,14052.1,14244.6,14542.8,14917.4,15069.5,15386.3,15463.5,13609.6,15280.6,15559.8,15327.6,15661.7
A,Annual,PHL,Philippines,FAO_FS_22013,"Gross domestic product per capita, PPP, (constant 2017 international $)",INT_USD_CAP,International Dollar per capita,FAO_FS,Suite of Food Security Indicators,0,Units,A,Normal value,PU,Public,4740.4,4778.4,4856.5,5003.4,5229.5,5386.8,5578.6,5840.1,5987.0,5965.3,6273.0,6388.3,6697.6,7016.5,7340.4,7691.8,8131.8,8584.1,9016.3,9452.3,8455.2,8857.8,9457.1,9898.5,10375.9
A,Annual,PLW,Palau,FAO_FS_22013,"Gross domestic product per capita, PPP, (constant 2017 international $)",INT_USD_CAP,International Dollar per capita,FAO_FS,Suite of Food Security Indicators,0,Units,A,Normal value,PU,Public,15440.1,16295.9,16980.8,16303.1,16807.6,17382.3,17561.0,18138.5,17406.2,16401.2,16530.8,17682.6,18219.7,17783.6,18561.4,20021.3,19903.0,19237.9,19256.9,19312.8,18160.3,15663.2,15477.6,15796.5,
A,Annual,PNG,Papua New Guinea,FAO_FS_22013,"Gross domestic product per capita, PPP, (constant 2017 international $)",INT_USD_CAP,International Dollar per capita,FAO_FS,Suite of Food Security Indicators,0,Units,A,Normal value,PU,Public,3326.8,3211.8,3100.8,3064.4,3046.3,3136.6,3202.5,3345.9,3233.9,3349.6,3579.2,3514.8,3577.5,3615.3,3998.6,4154.5,4275.7,4322.2,4211.1,4301.6,4077.6,3976.9,4125.5,4205.8,4300.7
A,Annual,POL,Poland,FAO_FS_22013,"Gross domestic product per capita, PPP, (constant 2017 international $)",INT_USD_CAP,International Dollar per capita,FAO_FS,Suite of Food Security Indicators,0,Units,A,Normal value,PU,Public,18566.4,18800.6,19166.9,19855.6,20878.7,21568.9,22921.2,24484.1,25553.9,26204.4,27112.1,28521.7,28952.9,29168.6,30334.9,31700.4,32675.3,34354.6,36500.4,38181.6,37852.8,41059.6,43405.0,43672.8,45112.6
A,Annual,PRI,Puerto Rico,FAO_FS_22013,"Gross domestic product per capita, PPP, (constant 2017 international $)",INT_USD_CAP,International Dollar per capita,FAO_FS,Suite of Food Security Indicators,0,Units,A,Normal value,PU,Public,37298.5,39568.6,39879.7,39876.1,43355.8,42555.7,42134.0,41888.6,41358.1,40772.4,40777.7,40972.5,41347.5,41556.8,41593.7,41737.6,41858.3,41480.0,41119.3,41656.3,40171.4,40559.5,42311.0,42738.6,44124.5
A,Annual,PRT,Portugal,FAO_FS_22013,"Gross domestic product per capita, PPP, (constant 2017 international $)",INT_USD_CAP,International Dollar per capita,FAO_FS,Suite of Food Security Indicators,0,Units,A,Normal value,PU,Public,35069.8,35500.2,35578.5,35115.4,35658.1,35870.3,36387.5,37226.5,37291.5,36092.8,36703.1,36127.3,34804.6,34651.8,35097.4,35803.4,36636.3,37943.1,39123.6,40188.3,36852.2,38657.7,41070.9,41571.0,41883.9
A,Annual,PRY,Paraguay,FAO_FS_22013,"Gross domestic product per capita, PPP, (constant 2017 international $)",INT_USD_CAP,International Dollar per capita,FAO_FS,Suite of Food Security Indicators,0,Units,A,Normal value,PU,Public,9998.6,9749.3,9610.7,9903.5,10187.2,10290.1,10673.0,11141.9,11751.1,11601.3,12738.6,13109.5,12834.8,13700.7,14219.4,14427.6,14826.7,15320.3,15593.0,15321.3,14991.7,15406.2,15259.1,15826.1,16296.3
A,Annual,PSE,West Bank and Gaza,FAO_FS_22013,"Gross domestic product per capita, PPP, (constant 2017 international $)",INT_USD_CAP,International Dollar per capita,FAO_FS,Suite of Food Security Indicators,0,Units,A,Normal value,PU,Public,4520.9,3996.5,3409.2,3788.9,4503.1,4885.1,4714.4,4769.5,4984.8,5270.7,5432.2,5805.3,6009.1,6142.2,5990.4,6072.7,6464.1,6426.8,6342.9,6269.9,5423.7,5663.1,5753.1,5361.1,3845.5
A,Annual,QAT,Qatar,FAO_FS_22013,"Gross domestic product per capita, PPP, (constant 2017 international $)",INT_USD_CAP,International Dollar per capita,FAO_FS,Suite of Food Security Indicators,0,Units,A,Normal value,PU,Public,93187.1,92115.8,94111.7,93224.5,107024.0,107785.0,115384.0,109580.0,109206.0,108436.0,129045.0,145591.0,143831.0,136454.0,128014.0,123071.0,120054.0,115065.0,114910.0,113161.0,103062.0,116833.0,114740.0,116159.0,110946.0
A,Annual,ROU,Romania,FAO_FS_22013,"Gross domestic product per capita, PPP, (constant 2017 international $)",INT_USD_CAP,International Dollar per capita,FAO_FS,Suite of Food Security Indicators,0,Units,A,Normal value,PU,Public,14852.0,15846.6,17059.8,17585.6,19530.4,20568.7,22352.2,24325.8,27036.7,25758.9,24900.2,26147.9,26764.6,26939.0,28153.1,29178.7,30185.9,32849.1,35065.2,36633.4,35482.2,37730.4,39378.0,40301.5,40608.4
A,Annual,RUS,Russian Federation,FAO_FS_22013,"Gross domestic product per capita, PPP, (constant 2017 international $)",INT_USD_CAP,International Dollar per capita,FAO_FS,Suite of Food Security Indicators,0,Units,A,Normal value,PU,Public,20104.8,21219.9,22319.7,24057.9,25894.1,27656.7,30022.7,32630.4,34342.2,31654.0,33063.6,34444.6,35740.7,36260.1,35853.2,35037.2,35005.4,35570.4,36536.7,37319.3,36376.3,38638.4,38214.5,39887.3,41704.7
A,Annual,RWA,Rwanda,FAO_FS_22013,"Gross domestic product per capita, PPP, (constant 2017 international $)",INT_USD_CAP,International Dollar per capita,FAO_FS,Suite of Food Security Indicators,0,Units,A,Normal value,PU,Public,1016.7,1093.2,1220.7,1220.5,1277.2,1360.3,1446.7,1516.3,1641.8,1699.9,1779.2,1874.2,1988.0,2032.4,2106.2,2238.5,2316.6,2351.6,2493.4,2667.5,2520.3,2733.4,2892.5,3063.0,3264.6
A,Annual,SAU,Saudi Arabia,FAO_FS_22013,"Gross domestic product per capita, PPP, (constant 2017 international $)",INT_USD_CAP,International Dollar per capita,FAO_FS,Suite of Food Security Indicators,0,Units,A,Normal value,PU,Public,55962.3,53309.1,50372.0,52234.6,54196.6,54931.8,54373.7,53318.4,54407.7,51760.8,54911.5,58645.5,59471.7,57998.5,58872.3,58498.5,57308.5,57942.5,61359.5,62647.7,57420.7,62690.5,67178.6,64481.8,62676.7
A,Annual,SDN,Sudan,FAO_FS_22013,"Gross domestic product per capita, PPP, (constant 2017 international $)",INT_USD_CAP,International Dollar per capita,FAO_FS,Suite of Food Security Indicators,0,Units,A,Normal value,PU,Public,3575.9,3701.5,3814.3,3946.9,4041.1,4152.3,4300.0,4415.8,4446.4,4188.1,4219.8,4467.6,4145.9,4130.5,4207.5,4159.2,4174.6,4061.0,3816.7,3625.5,3401.2,3249.0,3132.1,2181.1,1871.6
A,Annual,SEN,Senegal,FAO_FS_22013,"Gross domestic product per capita, PPP, (constant 2017 international $)",INT_USD_CAP,International Dollar per capita,FAO_FS,Suite of Food Security Indicators,0,Units,A,Normal value,PU,Public,3093.3,3149.3,3075.2,3170.0,3240.3,3301.8,3301.0,3316.4,3359.7,3371.5,3403.6,3362.9,3405.1,3385.4,3484.0,3593.8,3710.1,3871.5,3998.3,4070.6,4018.0,4173.7,4228.7,4304.8,4495.9
A,Annual,SGP,Singapore,FAO_FS_22013,"Gross domestic product per capita, PPP, (constant 2017 international $)",INT_USD_CAP,International Dollar per capita,FAO_FS,Suite of Food Security Indicators,0,Units,A,Normal value,PU,Public,68314.5,65784.4,67744.3,71877.5,78039.0,81841.2,86463.8,90417.8,87329.6,84843.5,95456.2,99296.8,101188.0,104359.0,107067.0,108954.0,111580.0,116472.0,119928.0,120114.0,115893.0,132617.0,133572.0,129555.0,132570.0
A,Annual,SLB,Solomon Islands,FAO_FS_22013,"Gross domestic product per capita, PPP, (constant 2017 international $)",INT_USD_CAP,International Dollar per capita,FAO_FS,Suite of Food Security Indicators,0,Units,A,Normal value,PU,Public,2276.8,2055.3,1960.4,2050.3,2168.5,2287.3,2340.7,2384.3,2489.8,2514.9,2682.3,2777.5,2743.5,2783.6,2716.4,2664.7,2715.2,2703.7,2686.1,2661.6,2515.1,2518.4,2517.9,2523.6,2527.1
A,Annual,SLE,Sierra Leone,FAO_FS_22013,"Gross domestic product per capita, PPP, (constant 2017 international $)",INT_USD_CAP,International Dollar per capita,FAO_FS,Suite of Food Security Indicators,0,Units,A,Normal value,PU,Public,1983.3,1750.9,2091.1,2198.3,2262.9,2298.7,2344.9,2379.9,2406.8,2378.7,2462.0,2592.9,2795.4,3127.5,2815.1,2630.5,2734.7,2755.9,2769.9,2855.2,2755.1,2852.0,2937.4,3037.7,3092.8
A,Annual,SLV,El Salvador,FAO_FS_22013,"Gross domestic product per capita, PPP, (constant 2017 international $)",INT_USD_CAP,International Dollar per capita,FAO_FS,Suite of Food Security Indicators,0,Units,A,Normal value,PU,Public,7545.4,7580.3,7675.7,7780.3,7841.5,8050.5,8404.2,8548.8,8704.8,8494.5,8648.9,8943.1,9165.4,9327.6,9451.7,9646.2,9863.8,10064.8,10297.2,10543.9,9692.4,10809.7,11085.6,11424.6,11669.1
A,Annual,SOM,Somalia,FAO_FS_22013,"Gross domestic product per capita, PPP, (constant 2017 international $)",INT_USD_CAP,International Dollar per capita,FAO_FS,Suite of Food Security Indicators,0,Units,A,Normal value,PU,Public,702.6,723.1,749.6,777.6,802.8,830.5,857.7,887.1,918.8,955.9,994.9,1054.0,1114.4,1197.3,1258.8,1343.4,1383.7,1527.1,1504.4,1491.1,1396.1,1392.5,1387.8,1402.5,1408.3
A,Annual,SRB,Serbia,FAO_FS_22013,"Gross domestic product per capita, PPP, (constant 2017 international $)",INT_USD_CAP,International Dollar per capita,FAO_FS,Suite of Food Security Indicators,0,Units,A,Normal value,PU,Public,11105.3,11878.5,12661.2,13272.9,14193.6,15076.7,15726.5,17027.1,17982.3,17487.1,17840.4,17985.6,17992.8,18162.2,17921.4,18246.8,18888.3,19437.9,20453.1,21539.9,21477.9,23405.0,24633.1,25740.2,26884.5
A,Annual,STP,Sao Tome and Principe,FAO_FS_22013,"Gross domestic product per capita, PPP, (constant 2017 international $)",INT_USD_CAP,International Dollar per capita,FAO_FS,Suite of Food Security Indicators,0,Units,A,Normal value,PU,Public,3852.9,3907.0,3942.8,4161.6,4202.6,4371.5,4644.2,4698.1,4873.2,4919.2,4882.0,4876.5,4919.6,5072.1,5223.1,5210.2,5388.5,5521.2,5674.7,5702.1,5742.9,5732.7,5632.1,5541.3,5480.4
A,Annual,SUR,Suriname,FAO_FS_22013,"Gross domestic product per capita, PPP, (constant 2017 international $)",INT_USD_CAP,International Dollar per capita,FAO_FS,Suite of Food Security Indicators,0,Units,A,Normal value,PU,Public,16220.2,16556.9,16678.1,17383.5,18585.5,19220.3,20113.7,20902.1,21515.8,21906.4,22772.5,23829.5,24193.8,24624.0,24414.4,23327.5,21950.4,22070.5,22938.5,22966.7,19091.4,18458.2,18742.6,19043.7,19413.3
A,Annual,SVK,Slovak Republic,FAO_FS_22013,"Gross domestic product per capita, PPP, (constant 2017 international $)",INT_USD_CAP,International Dollar per capita,FAO_FS,Suite of Food Security Indicators,0,Units,A,Normal value,PU,Public,18335.6,18906.6,19748.9,20721.7,21842.9,23257.1,25331.8,28064.2,29544.0,27880.4,29745.9,30468.8,30894.3,31078.1,31888.7,33507.7,34116.4,35042.7,36415.7,37194.1,36201.4,38346.1,38623.7,39497.5,40346.6
A,Annual,SVN,Slovenia,FAO_FS_22013,"Gross domestic product per capita, PPP, (constant 2017 international $)",INT_USD_CAP,International Dollar per capita,FAO_FS,Suite of Food Security Indicators,0,Units,A,Normal value,PU,Public,30063.1,30864.9,31838.5,32836.0,34306.7,35567.3,37548.9,40005.2,41289.0,37811.6,38065.7,38235.7,37043.1,36688.1,37664.7,38537.1,39677.4,41703.3,43372.0,44580.8,42474.2,45914.1,47064.2,47868.4,48495.9
A,Annual,SWE,Sweden,FAO_FS_22013,"Gross domestic product per capita, PPP, (constant 2017 international $)",INT_USD_CAP,International Dollar per capita,FAO_FS,Suite of Food Security Indicators,0,Units,A,Normal value,PU,Public,47875.1,48396.4,49337.9,50079.3,51967.6,53205.9,55381.4,56745.0,55784.9,52957.9,55527.9,56853.8,56200.9,56360.7,57085.4,58976.0,59608.1,59883.7,60318.5,61232.5,59572.5,62731.7,63215.4,62845.5,63258.9
A,Annual,SWZ,Eswatini,FAO_FS_22013,"Gross domestic product per capita, PPP, (constant 2017 international $)",INT_USD_CAP,International Dollar per capita,FAO_FS,Suite of Food Security Indicators,0,Units,A,Normal value,PU,Public,6189.6,6197.5,6417.8,6621.5,6820.1,7190.0,7582.8,7873.6,7884.9,7957.1,8210.7,8348.8,8752.1,9040.8,9119.7,9253.3,9629.6,9696.6,9632.2,10123.3,9727.5,9946.0,9955.7,10201.6,10367.3
A,Annual,SYC,Seychelles,FAO_FS_22013,"Gross domestic product per capita, PPP, (constant 2017 international $)",INT_USD_CAP,International Dollar per capita,FAO_FS,Suite of Food Security Indicators,0,Units,A,Normal value,PU,Public,20633.7,20147.4,19777.8,18825.2,18356.5,19917.1,21341.9,23117.9,21990.4,21361.1,21708.8,24406.4,24920.0,24770.7,25379.4,27032.2,29905.1,31595.7,32841.4,34346.1,30056.2,29979.8,27978.2,28635.4,29241.8
A,Annual,SYR,Syrian Arab Republic,FAO_FS_22013,"Gross domestic product per capita, PPP, (constant 2017 international $)",INT_USD_CAP,International Dollar per capita,FAO_FS,Suite of Food Security Indicators,0,Units,A,Normal value,PU,Public,7807.9,7698.4,7811.8,8177.5,8528.7,8828.9,8885.8,8829.3,8903.8,9284.1,9546.6,9648.8,7144.4,5531.0,5301.6,5302.1,5022.1,4977.8,4956.1,4825.4,4633.3,4592.8,4454.9,4189.8,
A,Annual,TCD,Chad,FAO_FS_22013,"Gross domestic product per capita, PPP, (constant 2017 international $)",INT_USD_CAP,International Dollar per capita,FAO_FS,Suite of Food Security Indicators,0,Units,A,Normal value,PU,Public,1501.1,1620.6,1698.0,1871.6,2392.1,2695.8,2587.0,2608.3,2596.9,2472.2,2717.5,2742.7,2887.7,2864.7,2821.3,2823.4,2623.1,2496.5,2552.6,2604.9,2513.0,2435.1,2655.7,2641.4,2605.8
A,Annual,TGO,Togo,FAO_FS_22013,"Gross domestic product per capita, PPP, (constant 2017 international $)",INT_USD_CAP,International Dollar per capita,FAO_FS,Suite of Food Security Indicators,0,Units,A,Normal value,PU,Public,2096.9,2059.1,2084.2,2168.7,2093.0,1944.8,1941.2,1863.3,1883.5,1930.8,1989.0,2048.8,2121.4,2188.1,2253.5,2317.5,2355.3,2389.2,2442.6,2501.0,2490.1,2577.2,2662.3,2767.5,2849.6
A,Annual,THA,Thailand,FAO_FS_22013,"Gross domestic product per capita, PPP, (constant 2017 international $)",INT_USD_CAP,International Dollar per capita,FAO_FS,Suite of Food Security Indicators,0,Units,A,Normal value,PU,Public,11622.5,11901.3,12512.2,13287.3,13997.0,14458.3,15051.1,15742.7,15891.8,15665.9,16730.4,16766.3,17869.6,18242.4,18324.6,18812.0,19370.6,20094.7,20879.9,21277.8,19957.3,20242.8,20762.8,21191.5,21737.2
A,Annual,TJK,Tajikistan,FAO_FS_22013,"Gross domestic product per capita, PPP, (constant 2017 international $)",INT_USD_CAP,International Dollar per capita,FAO_FS,Suite of Food Security Indicators,0,Units,A,Normal value,PU,Public,1365.2,1467.4,1594.9,1736.6,1878.3,1965.3,2063.3,2181.9,2308.1,2349.5,2449.3,2572.5,2700.1,2828.4,2943.1,3041.4,3170.0,3312.7,3479.7,3649.9,3724.7,3985.9,4213.8,4472.3,4755.9
A,Annual,TKM,Turkmenistan,FAO_FS_22013,"Gross domestic product per capita, PPP, (constant 2017 international $)",INT_USD_CAP,International Dollar per capita,FAO_FS,Suite of Food Security Indicators,0,Units,A,Normal value,PU,Public,5112.5,5228.8,5138.9,5203.9,5360.2,5946.0,6476.8,7060.1,7945.0,8264.9,8842.3,9929.7,10794.2,11633.3,12544.4,13057.8,13552.8,14107.7,14648.1,15231.3,15791.2,16434.1,17119.6,17866.4,17953.8
A,Annual,TLS,Timor-Leste,FAO_FS_22013,"Gross domestic product per capita, PPP, (constant 2017 international $)",INT_USD_CAP,International Dollar per capita,FAO_FS,Suite of Food Security Indicators,0,Units,A,Normal value,PU,Public,3785.6,4040.4,3482.7,3266.5,3236.5,3265.5,3040.4,3258.1,3532.6,3794.2,4049.2,4191.8,4300.0,4342.4,4447.5,4469.9,4517.6,4292.1,4210.5,5096.5,6598.0,6824.8,5347.0,4330.5,4186.2
A,Annual,TON,Tonga,FAO_FS_22013,"Gross domestic product per capita, PPP, (constant 2017 international $)",INT_USD_CAP,International Dollar per capita,FAO_FS,Suite of Food Security Indicators,0,Units,A,Normal value,PU,Public,5808.3,5860.1,6085.1,6053.9,5900.5,5828.4,5670.9,5506.7,5758.6,5453.9,5488.8,5847.4,5907.3,5951.7,6096.9,6194.6,6639.1,6862.7,6896.0,6875.0,6995.3,7034.9,6901.7,7075.6,
A,Annual,TTO,Trinidad and Tobago,FAO_FS_22013,"Gross domestic product per capita, PPP, (constant 2017 international $)",INT_USD_CAP,International Dollar per capita,FAO_FS,Suite of Food Security Indicators,0,Units,A,Normal value,PU,Public,19662.7,20392.9,21904.9,24942.8,26792.2,29574.3,33391.5,34838.3,35871.3,34256.2,35190.2,34814.4,36950.8,38033.9,39299.1,38951.9,35955.5,34153.9,33753.6,33793.7,30723.4,30424.7,30793.4,31193.9,31689.7
A,Annual,TUN,Tunisia,FAO_FS_22013,"Gross domestic product per capita, PPP, (constant 2017 international $)",INT_USD_CAP,International Dollar per capita,FAO_FS,Suite of Food Security Indicators,0,Units,A,Normal value,PU,Public,9134.4,9380.6,9407.5,9752.0,10263.8,10529.1,10983.9,11613.9,11990.2,12229.8,12458.3,12068.7,12436.4,12588.0,12824.0,12802.8,12803.9,12953.5,13163.6,13249.2,11955.6,12444.3,12702.5,12623.0,12713.5
A,Annual,TUR,Turkiye,FAO_FS_22013,"Gross domestic product per capita, PPP, (constant 2017 international $)",INT_USD_CAP,International Dollar per capita,FAO_FS,Suite of Food Security Indicators,0,Units,A,Normal value,PU,Public,14737.4,13718.3,14427.8,15083.1,16377.0,17659.9,18693.9,19605.2,19516.4,18320.4,19564.8,21439.1,22181.1,23756.3,24595.7,25746.4,26246.5,27852.0,28305.5,28132.1,28378.6,31338.3,32748.3,34282.5,35294.4
A,Annual,TUV,Tuvalu,FAO_FS_22013,"Gross domestic product per capita, PPP, (constant 2017 international $)",INT_USD_CAP,International Dollar per capita,FAO_FS,Suite of Food Security Indicators,0,Units,A,Normal value,PU,Public,3721.9,3705.6,4042.9,3838.4,3704.9,3488.5,3532.4,3737.9,3933.4,3638.2,3506.1,3687.4,3558.2,3690.2,3696.0,4088.8,4333.2,4464.3,4575.9,5292.0,5154.5,5353.0,5498.2,5812.4,
A,Annual,TZA,Tanzania,FAO_FS_22013,"Gross domestic product per capita, PPP, (constant 2017 international $)",INT_USD_CAP,International Dollar per capita,FAO_FS,Suite of Food Security Indicators,0,Units,A,Normal value,PU,Public,1839.9,1899.7,1982.6,2059.8,2155.2,2253.1,2334.1,2423.6,2493.3,2560.8,2654.8,2779.7,2822.5,2924.9,3027.6,3111.4,3214.2,3319.4,3392.7,3484.6,3449.8,3493.1,3547.0,3620.8,3713.3
A,Annual,UGA,Uganda,FAO_FS_22013,"Gross domestic product per capita, PPP, (constant 2017 international $)",INT_USD_CAP,International Dollar per capita,FAO_FS,Suite of Food Security Indicators,0,Units,A,Normal value,PU,Public,1487.0,1517.0,1598.6,1649.1,1709.4,1765.0,1899.0,1999.1,2110.1,2188.3,2244.6,2384.5,2405.1,2420.9,2470.5,2520.0,2554.2,2543.8,2613.9,2689.4,2678.0,2684.9,2724.9,2791.1,2881.9
A,Annual,UKR,Ukraine,FAO_FS_22013,"Gross domestic product per capita, PPP, (constant 2017 international $)",INT_USD_CAP,International Dollar per capita,FAO_FS,Suite of Food Security Indicators,0,Units,A,Normal value,PU,Public,10364.1,11379.4,12092.8,13342.9,15021.1,15610.6,16901.5,18374.0,18884.0,16092.8,16811.8,17784.0,17848.7,17889.1,16978.8,15403.7,15856.8,16310.4,16979.0,17636.6,17092.5,17846.4,13787.1,15917.0,16319.8
A,Annual,URY,Uruguay,FAO_FS_22013,"Gross domestic product per capita, PPP, (constant 2017 international $)",INT_USD_CAP,International Dollar per capita,FAO_FS,Suite of Food Security Indicators,0,Units,A,Normal value,PU,Public,18752.1,17986.9,16572.8,16694.4,17519.4,18811.3,19560.1,20803.9,22249.4,23138.1,24879.8,26099.3,26953.3,28119.5,28935.1,28941.6,29332.6,29762.4,29757.9,30010.6,27788.2,29431.9,30804.7,31059.3,32038.8
A,Annual,USA,United States,FAO_FS_22013,"Gross domestic product per capita, PPP, (constant 2017 international $)",INT_USD_CAP,International Dollar per capita,FAO_FS,Suite of Food Security Indicators,0,Units,A,Normal value,PU,Public,55038.6,55017.3,55436.1,56498.2,58131.6,59604.8,60676.6,61306.6,60798.4,58715.0,59789.4,60245.5,61134.5,61958.7,63018.8,64359.5,65017.7,66155.6,67719.8,69112.6,67342.1,71307.4,72679.3,74158.7,75491.6
A,Annual,UZB,Uzbekistan,FAO_FS_22013,"Gross domestic product per capita, PPP, (constant 2017 international $)",INT_USD_CAP,International Dollar per capita,FAO_FS,Suite of Food Security Indicators,0,Units,A,Normal value,PU,Public,3410.7,3509.7,3604.7,3711.8,3939.5,4161.0,4413.7,4764.6,5115.6,5439.6,5760.8,6100.3,6435.6,6797.8,7145.1,7529.8,7840.0,8047.1,8349.0,8755.1,8727.4,9247.6,9607.6,10007.7,10450.2
A,Annual,VCT,St. Vincent and the Grenadines,FAO_FS_22013,"Gross domestic product per capita, PPP, (constant 2017 international $)",INT_USD_CAP,International Dollar per capita,FAO_FS,Suite of Food Security Indicators,0,Units,A,Normal value,PU,Public,9999.1,10177.8,10736.1,11475.3,11979.9,12320.1,13233.4,13732.4,13850.4,13723.8,13175.7,13168.9,13398.0,13804.2,14054.8,14523.6,15212.6,15533.2,16139.1,16365.3,15763.7,16200.9,16835.0,17858.2,18714.2
A,Annual,VNM,Viet Nam,FAO_FS_22013,"Gross domestic product per capita, PPP, (constant 2017 international $)",INT_USD_CAP,International Dollar per capita,FAO_FS,Suite of Food Security Indicators,0,Units,A,Normal value,PU,Public,4349.2,4570.3,4809.6,5090.3,5421.1,5776.4,6098.2,6418.5,6659.1,6914.3,7274.7,7652.6,7979.9,8324.2,8751.9,9248.0,9743.2,10290.5,10936.9,11628.6,11851.4,12048.9,12979.8,13545.9,14415.2
A,Annual,VUT,Vanuatu,FAO_FS_22013,"Gross domestic product per capita, PPP, (constant 2017 international $)",INT_USD_CAP,International Dollar per capita,FAO_FS,Suite of Food Security Indicators,0,Units,A,Normal value,PU,Public,3342.2,3148.3,2911.0,2962.0,3005.8,3089.4,3270.7,3283.4,3381.4,3396.7,3359.8,3391.0,3350.8,3292.2,3302.3,3357.6,3397.8,3465.9,3482.0,3512.1,3260.0,3135.8,3222.8,3118.4,3169.2
A,Annual,WSM,Samoa,FAO_FS_22013,"Gross domestic product per capita, PPP, (constant 2017 international $)",INT_USD_CAP,International Dollar per capita,FAO_FS,Suite of Food Security Indicators,0,Units,A,Normal value,PU,Public,4638.6,4941.1,5183.5,5425.4,5568.3,5914.9,6017.5,6013.3,6182.8,6104.1,6427.3,6616.8,6312.0,6262.3,6247.9,6432.4,6887.3,6919.0,6805.0,7033.5,6745.3,6214.0,5843.8,6340.6,6894.9
A,Annual,ZAF,South Africa,FAO_FS_22013,"Gross domestic product per capita, PPP, (constant 2017 international $)",INT_USD_CAP,International Dollar per capita,FAO_FS,Suite of Food Security Indicators,0,Units,A,Normal value,PU,Public,11197.5,11401.4,11711.9,11937.7,12356.3,12877.3,13460.7,14033.4,14315.2,13927.7,14182.3,14451.9,14581.6,14699.1,14661.3,14559.5,14519.0,14591.4,14571.4,14370.2,13266.8,13711.3,13777.2,13690.4,13598.8
A,Annual,ZMB,Zambia,FAO_FS_22013,"Gross domestic product per capita, PPP, (constant 2017 international $)",INT_USD_CAP,International Dollar per capita,FAO_FS,Suite of Food Security Indicators,0,Units,A,Normal value,PU,Public,2220.6,2269.0,2299.3,2383.9,2471.7,2564.5,2673.5,2796.4,2908.1,3065.8,3266.5,3335.6,3474.6,3535.2,3585.6,3576.9,3598.2,3612.5,3647.0,3591.6,3391.6,3503.0,3585.1,3673.5,3716.0
A,Annual,ZWE,Zimbabwe,FAO_FS_22013,"Gross domestic product per capita, PPP, (constant 2017 international $)",INT_USD_CAP,International Dollar per capita,FAO_FS,Suite of Food Security Indicators,0,Units,A,Normal value,PU,Public,4071.0,4102.1,3701.5,3036.1,2828.8,2642.2,2519.8,2396.0,1949.0,2176.9,2563.5,2875.9,3301.2,3319.8,3352.4,3366.6,3345.3,3453.5,3573.0,3294.8,2987.3,3184.8,3323.1,3442.2,3450.1
